history_id,detector_id,detector_name,detector_volume,detector_kind,x_cm,y_cm,z_cm,deposit_keV,time_s,pixel_ids
1,4,D4,TES_L3,TES_PIXEL,14.14214,0.0,14.14214,183.24124,0.0,2;4
2,4,D4,TES_L3,TES_PIXEL,3.53553,0.0,3.53553,192.09495,0.0,2;4;8;12
2,4,D4,TES_L3,TES_PIXEL,-7.80366,6.36396,-16.80366,0.8637,0.0,9
3,4,D4,TES_L3,TES_PIXEL,3.53553,0.0,3.53553,283.20417,0.0,2;4
4,4,D4,TES_L3,TES_PIXEL,-3.90144,-7.48008,-2.82366,126.15523,0.0,2;4
5,4,D4,TES_L3,TES_PIXEL,0.0,0.0,0.0,0.88966,0.0,3;5;6
5,4,D4,TES_L3,TES_PIXEL,-3.50089,0.0,8.73206,7.4357,0.0,8
6,4,D4,TES_L3,TES_PIXEL,14.14214,0.0,14.14214,281.75875,0.0,2;4;12
6,4,D4,TES_L3,TES_PIXEL,-3.50089,0.0,8.73206,22.20205,0.0,10
6,4,D4,TES_L3,TES_PIXEL,0.79479,0.0,17.12895,217.09167,0.0,9
6,4,D4,TES_L3,TES_PIXEL,9.22153,-9.1763,12.69878,77.48856,0.0,8
7,4,D4,TES_L3,TES_PIXEL,14.14214,0.0,14.14214,212.24702,0.0,2;4
8,4,D4,TES_L3,TES_PIXEL,14.14214,0.0,14.14214,8.32566,0.0,3;5;6;8
9,4,D4,TES_L3,TES_PIXEL,-3.50089,0.0,8.73206,21.954,0.0,8
9,4,D4,TES_L3,TES_PIXEL,-16.80366,-6.36396,-7.80366,510.99891,0.0,10;11;12;13;14;16
9,4,D4,TES_L3,TES_PIXEL,-3.90144,-7.48008,-2.82366,225.87494,0.0,2;4;17;18
10,4,D4,TES_L3,TES_PIXEL,3.53553,0.0,3.53553,629.60578,0.0,2;4;8
10,4,D4,TES_L3,TES_PIXEL,7.77817,0.0,7.77817,510.99891,0.0,12;13;14;15
10,4,D4,TES_L3,TES_PIXEL,-1.30885,0.0,12.90399,164.10383,0.0,10;11;19
10,4,D4,TES_L3,TES_PIXEL,2.79236,0.0,21.38927,75.12978,0.0,9;18
11,4,D4,TES_L3,TES_PIXEL,7.77817,0.0,7.77817,41.29455,0.0,2;4
12,4,D4,TES_L3,TES_PIXEL,14.23406,8.0194,7.68625,372.07783,0.0,2;4
13,4,D4,TES_L3,TES_PIXEL,7.77817,0.0,7.77817,8.32626,0.0,3;5;6;8
14,4,D4,TES_L3,TES_PIXEL,6.92965,0.0,6.92965,8.32504,0.0,3;4;5;6
15,4,D4,TES_L3,TES_PIXEL,-11.27765,0.0,-0.60033,129.98674,0.0,2;4
16,4,D4,TES_L3,TES_PIXEL,14.14214,0.0,14.14214,8.32539,0.0,3;5;6;8
17,4,D4,TES_L3,TES_PIXEL,7.77817,0.0,7.77817,380.19711,0.0,2;4;10;11
17,4,D4,TES_L3,TES_PIXEL,14.14214,0.0,14.14214,146.95025,0.0,8
17,4,D4,TES_L3,TES_PIXEL,20.5061,0.0,20.5061,11.7724,0.0,12
18,4,D4,TES_L3,TES_PIXEL,7.77817,0.0,7.77817,164.12434,0.0,2;4
18,4,D4,TES_L3,TES_PIXEL,6.92965,0.0,6.92965,27.33224,0.0,2
19,4,D4,TES_L3,TES_PIXEL,14.14214,0.0,14.14214,280.49694,0.0,2;4
20,4,D4,TES_L3,TES_PIXEL,14.14214,0.0,14.14214,8.32581,0.0,3;5;6;8
21,4,D4,TES_L3,TES_PIXEL,7.77817,0.0,7.77817,326.90545,0.0,2;4;9;10;11;15
21,4,D4,TES_L3,TES_PIXEL,14.14214,0.0,14.14214,323.4617,0.0,12
21,4,D4,TES_L3,TES_PIXEL,13.43503,0.0,13.43503,187.53721,0.0,13
21,4,D4,TES_L3,TES_PIXEL,2.23529,5.1708,8.37131,338.2082,0.0,8;14
22,4,D4,TES_L3,TES_PIXEL,0.0,0.0,0.0,273.93094,0.0,2;4;5
23,4,D4,TES_L3,TES_PIXEL,6.92965,0.0,6.92965,358.43243,0.0,2;4;5
24,4,D4,TES_L3,TES_PIXEL,0.0,0.0,0.0,319.33657,0.0,2;4
25,4,D4,TES_L3,TES_PIXEL,0.0,0.0,0.0,78.07139,0.0,8;9
25,4,D4,TES_L3,TES_PIXEL,14.14214,0.0,14.14214,82.52266,0.0,20;21;22
25,4,D4,TES_L3,TES_PIXEL,6.92965,0.0,6.92965,184.27277,0.0,2;4
25,4,D4,TES_L3,TES_PIXEL,13.43503,0.0,13.43503,304.04204,0.0,17;18;19
25,4,D4,TES_L3,TES_PIXEL,6.06844,6.12293,-14.83657,283.68051,0.0,12;13;14;15;16
25,4,D4,TES_L3,TES_PIXEL,-4.18673,-11.44012,-2.53837,16.50207,0.0,11
25,4,D4,TES_L3,TES_PIXEL,1.43189,0.0,-4.50781,132.74494,0.0,10
26,4,D4,TES_L3,TES_PIXEL,-0.05449,-14.78207,-8.71363,256.39007,0.0,9;10
26,4,D4,TES_L3,TES_PIXEL,-16.80366,-6.36396,-7.80366,436.89553,0.0,12;13;14;15
26,4,D4,TES_L3,TES_PIXEL,-11.27765,0.0,-0.60033,74.10338,0.0,11
26,4,D4,TES_L3,TES_PIXEL,-3.90144,-7.48008,-2.82366,57.52275,0.0,2;4
26,4,D4,TES_L3,TES_PIXEL,-9.23058,-1.98363,2.52319,484.03154,0.0,2;8;16
27,4,D4,TES_L3,TES_PIXEL,7.77817,0.0,7.77817,8.32671,0.0,3;4;5;6
28,4,D4,TES_L3,TES_PIXEL,13.43503,0.0,13.43503,229.23596,0.0,2;4
29,4,D4,TES_L3,TES_PIXEL,-1.25865,0.0,-6.09526,8.32574,0.0,3;4;5;6
30,4,D4,TES_L3,TES_PIXEL,7.77817,0.0,7.77817,72.1965,0.0,2;4
31,4,D4,TES_L3,TES_PIXEL,3.53553,0.0,3.53553,278.8994,0.0,2;4
32,4,D4,TES_L3,TES_PIXEL,14.14214,0.0,14.14214,388.72703,0.0,2;4
33,4,D4,TES_L3,TES_PIXEL,14.14214,0.0,14.14214,156.03666,0.0,2;4;6
34,4,D4,TES_L3,TES_PIXEL,14.14214,0.0,14.14214,439.54795,0.0,2;4
34,4,D4,TES_L3,TES_PIXEL,-3.50089,0.0,8.73206,37.64346,0.0,8
34,4,D4,TES_L3,TES_PIXEL,-7.80366,6.36396,-16.80366,98.55177,0.0,9
34,4,D4,TES_L3,TES_PIXEL,-16.80366,6.36396,-7.80366,374.80368,0.0,10;11;12;13;15
35,4,D4,TES_L3,TES_PIXEL,7.77817,0.0,7.77817,1293.99628,0.0,2;4;8;9;15;16;17;18;19;20;22
35,4,D4,TES_L3,TES_PIXEL,-3.50089,0.0,8.73206,54.96,0.0,10
35,4,D4,TES_L3,TES_PIXEL,0.79479,0.0,17.12895,52.00261,0.0,11
35,4,D4,TES_L3,TES_PIXEL,-0.68943,0.0,-0.86621,112.64379,0.0,12;13;14
36,4,D4,TES_L3,TES_PIXEL,7.77817,0.0,7.77817,464.57388,0.0,2;4;10
36,4,D4,TES_L3,TES_PIXEL,0.79479,0.0,17.12895,34.56927,0.0,8
36,4,D4,TES_L3,TES_PIXEL,2.79236,0.0,21.38927,1.22305,0.0,13
36,4,D4,TES_L3,TES_PIXEL,14.23406,8.0194,7.68625,328.66264,0.0,11;12
37,4,D4,TES_L3,TES_PIXEL,-6.92965,0.0,-6.92965,71.22203,0.0,2;4
38,4,D4,TES_L3,TES_PIXEL,6.92965,0.0,6.92965,167.60503,0.0,2;4
39,4,D4,TES_L3,TES_PIXEL,0.0,0.0,0.0,37.80583,0.0,2;4
40,4,D4,TES_L3,TES_PIXEL,14.14214,0.0,14.14214,399.20866,0.0,2;4;8
40,4,D4,TES_L3,TES_PIXEL,2.79236,0.0,21.38927,273.33529,0.0,10
41,4,D4,TES_L3,TES_PIXEL,7.77817,0.0,7.77817,8.32563,0.0,3;5;6;8
42,4,D4,TES_L3,TES_PIXEL,14.14214,0.0,14.14214,207.79207,0.0,2;4
43,4,D4,TES_L3,TES_PIXEL,7.77817,0.0,7.77817,1.02975,0.0,3;4;5
44,4,D4,TES_L3,TES_PIXEL,14.14214,0.0,14.14214,1.02966,0.0,3;4
45,4,D4,TES_L3,TES_PIXEL,10.99551,0.0,26.1276,8.32601,0.0,3;5;6;8
46,4,D4,TES_L3,TES_PIXEL,14.14214,0.0,14.14214,8.32331,0.0,3;4;5
47,4,D4,TES_L3,TES_PIXEL,14.14214,0.0,14.14214,56.876,0.0,2;4
48,4,D4,TES_L3,TES_PIXEL,14.14214,0.0,14.14214,84.66091,0.0,2;4
49,4,D4,TES_L3,TES_PIXEL,7.77817,0.0,7.77817,8.32478,0.0,3;4;6;8
50,4,D4,TES_L3,TES_PIXEL,3.53553,0.0,3.53553,96.00536,0.0,2;4;5
51,4,D4,TES_L3,TES_PIXEL,14.14214,0.0,14.14214,131.33801,0.0,2;4
52,4,D4,TES_L3,TES_PIXEL,14.14214,0.0,14.14214,8.32513,0.0,3;4;5;6
53,4,D4,TES_L3,TES_PIXEL,-3.90144,-7.48008,-2.82366,431.0407,0.0,2;4
54,4,D4,TES_L3,TES_PIXEL,-6.61216,0.0,4.06516,8.326,0.0,3;6;8;9
55,4,D4,TES_L3,TES_PIXEL,14.14214,0.0,14.14214,228.8872,0.0,2;4
56,4,D4,TES_L3,TES_PIXEL,-6.92965,0.0,-6.92965,323.00835,0.0,2;4
57,4,D4,TES_L3,TES_PIXEL,7.77817,0.0,7.77817,8.32455,0.0,3;4;5
58,4,D4,TES_L3,TES_PIXEL,14.14214,0.0,14.14214,8.32638,0.0,3;5;6;8
59,4,D4,TES_L3,TES_PIXEL,0.0,0.0,0.0,216.34471,0.0,2;4
60,4,D4,TES_L3,TES_PIXEL,3.53553,0.0,3.53553,8.32824,0.0,3;4;5;6
61,4,D4,TES_L3,TES_PIXEL,0.0,0.0,0.0,8.3247,0.0,3;4;5;6;7
62,4,D4,TES_L3,TES_PIXEL,14.14214,0.0,14.14214,345.47183,0.0,2;4;7
63,4,D4,TES_L3,TES_PIXEL,-6.92965,0.0,-6.92965,295.62684,0.0,2;4
64,4,D4,TES_L3,TES_PIXEL,0.0,0.0,0.0,13.03289,0.0,2;4
65,4,D4,TES_L3,TES_PIXEL,-11.27765,0.0,-0.60033,1.02927,0.0,3;4
66,4,D4,TES_L3,TES_PIXEL,-11.27765,0.0,-0.60033,145.34814,0.0,2;4
67,4,D4,TES_L3,TES_PIXEL,14.14214,0.0,14.14214,86.81266,0.0,2;4
68,4,D4,TES_L3,TES_PIXEL,-6.61216,0.0,4.06516,8.32623,0.0,3;4;5
69,4,D4,TES_L3,TES_PIXEL,6.92965,0.0,6.92965,8.32629,0.0,3;5;6;8
70,4,D4,TES_L3,TES_PIXEL,7.77817,0.0,7.77817,8.32464,0.0,3;4;5;6
71,4,D4,TES_L3,TES_PIXEL,0.0,0.0,0.0,93.97892,0.0,2;4
72,4,D4,TES_L3,TES_PIXEL,7.77817,0.0,7.77817,63.69824,0.0,2;4
73,4,D4,TES_L3,TES_PIXEL,3.53553,0.0,3.53553,8.32584,0.0,3;5;7
74,4,D4,TES_L3,TES_PIXEL,3.99137,4.32824,-0.45584,8.32524,0.0,3;4;5;6
75,4,D4,TES_L3,TES_PIXEL,14.14214,0.0,14.14214,0.89069,0.0,3;4;5
76,4,D4,TES_L3,TES_PIXEL,7.77817,0.0,7.77817,1.92996,0.0,2;4
77,4,D4,TES_L3,TES_PIXEL,14.14214,0.0,14.14214,8.32472,0.0,3;4;5;6;7
78,4,D4,TES_L3,TES_PIXEL,7.77817,0.0,7.77817,346.83157,0.0,2;4;9;10;11;12;15
79,4,D4,TES_L3,TES_PIXEL,21.093,9.31843,13.48453,8.32593,0.0,3;5;7
80,4,D4,TES_L3,TES_PIXEL,-6.92965,0.0,-6.92965,8.32558,0.0,3;5;6;8
81,4,D4,TES_L3,TES_PIXEL,14.14214,0.0,14.14214,0.88999,0.0,3;4;5
82,4,D4,TES_L3,TES_PIXEL,3.53553,0.0,3.53553,8.32817,0.0,3;4;5;6
83,4,D4,TES_L3,TES_PIXEL,0.0,0.0,0.0,32.53511,0.0,2;4
84,4,D4,TES_L3,TES_PIXEL,6.92965,0.0,6.92965,312.96929,0.0,2;4
85,4,D4,TES_L3,TES_PIXEL,14.14214,0.0,14.14214,838.21114,0.0,2;4;8;9;10;11;12;13
86,4,D4,TES_L3,TES_PIXEL,6.92965,0.0,6.92965,273.54234,0.0,2;4
87,4,D4,TES_L3,TES_PIXEL,3.99137,4.32824,-0.45584,0.90872,0.0,3;4;5
88,4,D4,TES_L3,TES_PIXEL,14.14214,0.0,14.14214,349.87238,0.0,2;4;9
88,4,D4,TES_L3,TES_PIXEL,12.35722,8.31158,22.2203,159.17818,0.0,10
89,4,D4,TES_L3,TES_PIXEL,-6.61216,0.0,4.06516,89.79038,0.0,2;4
90,4,D4,TES_L3,TES_PIXEL,7.77817,0.0,7.77817,8.32609,0.0,3;5;7
91,4,D4,TES_L3,TES_PIXEL,7.77817,0.0,7.77817,8.32695,0.0,3;4;5
92,4,D4,TES_L3,TES_PIXEL,7.77817,0.0,7.77817,896.13394,0.0,2;4;9;10;11;12;13
93,4,D4,TES_L3,TES_PIXEL,14.14214,0.0,14.14214,8.32427,0.0,3;4;5;6
94,4,D4,TES_L3,TES_PIXEL,0.8556,0.0,0.8556,8.32518,0.0,3;4;5;6
95,4,D4,TES_L3,TES_PIXEL,7.77817,0.0,7.77817,8.32595,0.0,3;4;5;6;7
96,4,D4,TES_L3,TES_PIXEL,-3.85373,-2.025,-3.50018,57.29149,0.0,2;4
97,4,D4,TES_L3,TES_PIXEL,14.14214,0.0,14.14214,8.32731,0.0,3;4;5;6
98,4,D4,TES_L3,TES_PIXEL,0.0,0.0,0.0,614.33128,0.0,2;4;12
98,4,D4,TES_L3,TES_PIXEL,-0.05449,14.78207,-8.71363,510.99891,0.0,8;9;10;11;14
98,4,D4,TES_L3,TES_PIXEL,-0.61872,0.0,-0.58336,175.12401,0.0,13
99,4,D4,TES_L3,TES_PIXEL,3.53553,0.0,3.53553,102.77232,0.0,12
99,4,D4,TES_L3,TES_PIXEL,7.77817,0.0,7.77817,144.66058,0.0,13;14;15;17
99,4,D4,TES_L3,TES_PIXEL,6.92965,0.0,6.92965,792.22028,0.0,2;4;8;9;10;11;19
100,4,D4,TES_L3,TES_PIXEL,7.77817,0.0,7.77817,426.66105,0.0,2;4
101,4,D4,TES_L3,TES_PIXEL,14.14214,0.0,14.14214,185.07403,0.0,2;4
102,4,D4,TES_L3,TES_PIXEL,14.14214,0.0,14.14214,1030.45726,0.0,2;4;8;10;11;12;13;14;15;16;17
103,4,D4,TES_L3,TES_PIXEL,14.14214,0.0,14.14214,424.25061,0.0,2;4
104,4,D4,TES_L3,TES_PIXEL,14.14214,0.0,14.14214,0.10387,0.0,3;4
105,4,D4,TES_L3,TES_PIXEL,-3.90144,-7.48008,-2.82366,45.15867,0.0,2;4
106,4,D4,TES_L3,TES_PIXEL,14.14214,0.0,14.14214,76.31632,0.0,2;4
107,4,D4,TES_L3,TES_PIXEL,-1.25865,0.0,-6.09526,155.19102,0.0,2;4
108,4,D4,TES_L3,TES_PIXEL,0.0,0.0,0.0,8.32678,0.0,3;4;5;6;7
109,4,D4,TES_L3,TES_PIXEL,7.77817,0.0,7.77817,404.39498,0.0,2;4
110,4,D4,TES_L3,TES_PIXEL,3.53553,0.0,3.53553,65.32006,0.0,2;4
111,4,D4,TES_L3,TES_PIXEL,14.14214,0.0,14.14214,8.32607,0.0,3;5;7
112,4,D4,TES_L3,TES_PIXEL,21.093,9.31843,13.48453,189.50249,0.0,2;4
113,4,D4,TES_L3,TES_PIXEL,7.77817,0.0,7.77817,8.32868,0.0,3;4;5;6
114,4,D4,TES_L3,TES_PIXEL,3.53553,0.0,3.53553,313.09665,0.0,2;4
115,4,D4,TES_L3,TES_PIXEL,14.23406,8.0194,7.68625,302.77129,0.0,2;4
116,4,D4,TES_L3,TES_PIXEL,0.79479,0.0,17.12895,322.57788,0.0,9
116,4,D4,TES_L3,TES_PIXEL,21.093,9.31843,13.48453,328.92381,0.0,2;4
117,4,D4,TES_L3,TES_PIXEL,6.92965,0.0,6.92965,8.32655,0.0,3;5;6;8
118,4,D4,TES_L3,TES_PIXEL,14.14214,0.0,14.14214,376.49754,0.0,2;4
119,4,D4,TES_L3,TES_PIXEL,14.14214,0.0,14.14214,0.9083,0.0,3;4;5
120,4,D4,TES_L3,TES_PIXEL,-3.90144,-7.48008,-2.82366,8.32706,0.0,3;4;5;6
121,4,D4,TES_L3,TES_PIXEL,14.14214,0.0,14.14214,8.32586,0.0,3;5;6;8
122,4,D4,TES_L3,TES_PIXEL,7.77817,0.0,7.77817,8.32654,0.0,3;4;5;6
123,4,D4,TES_L3,TES_PIXEL,7.77817,0.0,7.77817,24.13785,0.0,2;4
124,4,D4,TES_L3,TES_PIXEL,3.53553,0.0,3.53553,13.21758,0.0,23
124,4,D4,TES_L3,TES_PIXEL,7.77817,0.0,7.77817,833.9446,0.0,2;4;8;10;11;12;13;20;21;22;28
124,4,D4,TES_L3,TES_PIXEL,0.79479,0.0,17.12895,94.94518,0.0,14;15;17;18;19
124,4,D4,TES_L3,TES_PIXEL,0.37687,-7.34104,3.15866,69.09526,0.0,24
124,4,D4,TES_L3,TES_PIXEL,-1.80058,-14.5973,6.75032,211.35605,0.0,25;26;27
125,4,D4,TES_L3,TES_PIXEL,14.14214,0.0,14.14214,0.14237,0.0,3;4
126,4,D4,TES_L3,TES_PIXEL,14.14214,0.0,14.14214,339.2907,0.0,2;4
126,4,D4,TES_L3,TES_PIXEL,-1.30885,0.0,12.90399,327.76397,0.0,9
126,4,D4,TES_L3,TES_PIXEL,6.7104,7.16252,15.20991,183.23494,0.0,10;11
127,4,D4,TES_L3,TES_PIXEL,14.14214,0.0,14.14214,178.49182,0.0,2;4
128,4,D4,TES_L3,TES_PIXEL,14.23406,8.0194,7.68625,158.70328,0.0,2;4
129,4,D4,TES_L3,TES_PIXEL,0.0,0.0,0.0,241.77306,0.0,2;4
130,4,D4,TES_L3,TES_PIXEL,14.14214,0.0,14.14214,183.36076,0.0,2;4;6
131,4,D4,TES_L3,TES_PIXEL,0.0,0.0,0.0,8.32477,0.0,3;4;5
132,4,D4,TES_L3,TES_PIXEL,14.14214,0.0,14.14214,8.31874,0.0,3;4;5;6;9
133,4,D4,TES_L3,TES_PIXEL,14.14214,0.0,14.14214,8.32316,0.0,3;4;5
134,4,D4,TES_L3,TES_PIXEL,7.77817,0.0,7.77817,77.3491,0.0,2;4
135,4,D4,TES_L3,TES_PIXEL,3.53553,0.0,3.53553,8.3229,0.0,3;4;5;6
136,4,D4,TES_L3,TES_PIXEL,14.14214,0.0,14.14214,8.32458,0.0,3;4;5;6
137,4,D4,TES_L3,TES_PIXEL,7.77817,0.0,7.77817,282.82774,0.0,2;4
138,4,D4,TES_L3,TES_PIXEL,14.14214,0.0,14.14214,8.32556,0.0,3;5;6;8
139,4,D4,TES_L3,TES_PIXEL,14.14214,0.0,14.14214,1.02249,0.0,3;4;5;6;9
140,4,D4,TES_L3,TES_PIXEL,21.093,9.31843,13.48453,57.58006,0.0,2;4
141,4,D4,TES_L3,TES_PIXEL,14.14214,0.0,14.14214,199.45386,0.0,2;4
142,4,D4,TES_L3,TES_PIXEL,14.14214,0.0,14.14214,8.32693,0.0,3;4;5;6
143,4,D4,TES_L3,TES_PIXEL,-11.27765,0.0,-0.60033,8.32562,0.0,3;4;5;6
144,4,D4,TES_L3,TES_PIXEL,14.14214,0.0,14.14214,8.3258,0.0,3;5;6;9
145,4,D4,TES_L3,TES_PIXEL,14.14214,0.0,14.14214,382.74813,0.0,2;4
146,4,D4,TES_L3,TES_PIXEL,13.43503,0.0,13.43503,347.20642,0.0,2;4
147,4,D4,TES_L3,TES_PIXEL,14.14214,0.0,14.14214,72.13294,0.0,2;4
147,4,D4,TES_L3,TES_PIXEL,20.5061,0.0,20.5061,325.41073,0.0,18
147,4,D4,TES_L3,TES_PIXEL,2.79236,0.0,21.38927,238.81731,0.0,10;11;12
147,4,D4,TES_L3,TES_PIXEL,9.22153,-9.1763,12.69878,169.74274,0.0,8;9
147,4,D4,TES_L3,TES_PIXEL,-7.84697,-6.0464,12.79672,102.43886,0.0,13;14;15;16;17
148,4,D4,TES_L3,TES_PIXEL,7.77817,0.0,7.77817,157.75347,0.0,2;4
149,4,D4,TES_L3,TES_PIXEL,0.8556,0.0,0.8556,50.03798,0.0,2;4
150,4,D4,TES_L3,TES_PIXEL,14.14214,0.0,14.14214,8.31914,0.0,3;4;5;6;9
151,4,D4,TES_L3,TES_PIXEL,-3.90144,-7.48008,-2.82366,1.03049,0.0,3;4;5;6
152,4,D4,TES_L3,TES_PIXEL,14.14214,0.0,14.14214,165.60653,0.0,2;4
153,4,D4,TES_L3,TES_PIXEL,14.14214,0.0,14.14214,278.13719,0.0,8
153,4,D4,TES_L3,TES_PIXEL,21.093,9.31843,13.48453,22.90808,0.0,2;4
154,4,D4,TES_L3,TES_PIXEL,14.14214,0.0,14.14214,262.85515,0.0,2;4
155,4,D4,TES_L3,TES_PIXEL,14.14214,0.0,14.14214,8.32596,0.0,3;5;6;8
156,4,D4,TES_L3,TES_PIXEL,14.14214,0.0,14.14214,438.36687,0.0,2;4;8;9;10;12;13
156,4,D4,TES_L3,TES_PIXEL,6.92965,0.0,6.92965,108.32134,0.0,15
157,4,D4,TES_L3,TES_PIXEL,3.53553,0.0,3.53553,8.32638,0.0,3;4;5;6
158,4,D4,TES_L3,TES_PIXEL,14.14214,0.0,14.14214,103.08513,0.0,2;4
159,4,D4,TES_L3,TES_PIXEL,14.14214,0.0,14.14214,8.32358,0.0,3;4;5;6
160,4,D4,TES_L3,TES_PIXEL,14.14214,0.0,14.14214,241.31284,0.0,2;4
161,4,D4,TES_L3,TES_PIXEL,3.53553,0.0,3.53553,8.32573,0.0,3;5;6;8
162,4,D4,TES_L3,TES_PIXEL,7.77817,0.0,7.77817,8.32608,0.0,3;5;7
163,4,D4,TES_L3,TES_PIXEL,6.92965,0.0,6.92965,0.90771,0.0,3;4;5
164,4,D4,TES_L3,TES_PIXEL,7.77817,0.0,7.77817,8.3256,0.0,3;4;5;6
165,4,D4,TES_L3,TES_PIXEL,14.14214,0.0,14.14214,132.47637,0.0,2;4
166,4,D4,TES_L3,TES_PIXEL,3.53553,0.0,3.53553,91.1516,0.0,2;4
167,4,D4,TES_L3,TES_PIXEL,0.0,0.0,0.0,186.00747,0.0,2;4
168,4,D4,TES_L3,TES_PIXEL,7.77817,0.0,7.77817,8.32629,0.0,3;5;7
169,4,D4,TES_L3,TES_PIXEL,14.14214,0.0,14.14214,309.4262,0.0,10;11
169,4,D4,TES_L3,TES_PIXEL,0.79479,0.0,17.12895,110.81253,0.0,8
169,4,D4,TES_L3,TES_PIXEL,21.093,9.31843,13.48453,418.51442,0.0,2;4;14
169,4,D4,TES_L3,TES_PIXEL,-7.63675,0.0,15.55635,79.03725,0.0,12
170,4,D4,TES_L3,TES_PIXEL,0.0,0.0,0.0,8.32297,0.0,3;4;5;6
171,4,D4,TES_L3,TES_PIXEL,14.14214,0.0,14.14214,8.32524,0.0,3;4;5;6;7
172,4,D4,TES_L3,TES_PIXEL,3.53553,0.0,3.53553,8.32641,0.0,3;5;6;8
173,4,D4,TES_L3,TES_PIXEL,14.14214,0.0,14.14214,521.83839,0.0,2;4;8;9;10
174,4,D4,TES_L3,TES_PIXEL,7.77817,0.0,7.77817,62.36634,0.0,2;4
175,4,D4,TES_L3,TES_PIXEL,0.0,0.0,0.0,372.3176,0.0,2;4
176,4,D4,TES_L3,TES_PIXEL,14.14214,0.0,14.14214,387.88327,0.0,2;4;8
177,4,D4,TES_L3,TES_PIXEL,14.14214,0.0,14.14214,135.51712,0.0,2;4
178,4,D4,TES_L3,TES_PIXEL,14.14214,0.0,14.14214,0.90828,0.0,3;4;5
179,4,D4,TES_L3,TES_PIXEL,7.77817,0.0,7.77817,8.32674,0.0,3;5;6;8
180,4,D4,TES_L3,TES_PIXEL,14.14214,0.0,14.14214,60.84319,0.0,2;4
180,4,D4,TES_L3,TES_PIXEL,-14.7381,-2.58683,7.90185,411.07823,0.0,8;9;10;11
181,4,D4,TES_L3,TES_PIXEL,0.0,0.0,0.0,381.00444,0.0,2;4
182,4,D4,TES_L3,TES_PIXEL,14.14214,0.0,14.14214,150.67353,0.0,2;4
183,4,D4,TES_L3,TES_PIXEL,14.14214,0.0,14.14214,8.32539,0.0,3;4;5;6
184,4,D4,TES_L3,TES_PIXEL,3.53553,0.0,3.53553,243.0115,0.0,2;4
185,4,D4,TES_L3,TES_PIXEL,21.093,9.31843,13.48453,20.28352,0.0,2;4
186,4,D4,TES_L3,TES_PIXEL,7.77817,0.0,7.77817,243.61004,0.0,2;4
186,4,D4,TES_L3,TES_PIXEL,6.7104,7.16252,15.20991,298.99674,0.0,8
186,4,D4,TES_L3,TES_PIXEL,-8.71363,-14.78207,-0.05449,510.99891,0.0,10;11;12;13;14
187,4,D4,TES_L3,TES_PIXEL,14.14214,0.0,14.14214,342.15151,0.0,2;4
188,4,D4,TES_L3,TES_PIXEL,7.77817,0.0,7.77817,269.67322,0.0,2;4;8;13
188,4,D4,TES_L3,TES_PIXEL,2.79236,0.0,21.38927,95.35978,0.0,9
189,4,D4,TES_L3,TES_PIXEL,14.14214,0.0,14.14214,277.32299,0.0,2;4
190,4,D4,TES_L3,TES_PIXEL,0.0,0.0,0.0,79.64864,0.0,2;4
191,4,D4,TES_L3,TES_PIXEL,0.0,0.0,0.0,390.7849,0.0,2;4;5
192,4,D4,TES_L3,TES_PIXEL,-6.61216,0.0,4.06516,8.3284,0.0,3;4;5;6
193,4,D4,TES_L3,TES_PIXEL,0.0,0.0,0.0,8.3277,0.0,3;4;5;6
194,4,D4,TES_L3,TES_PIXEL,14.14214,0.0,14.14214,18.84208,0.0,2;4
195,4,D4,TES_L3,TES_PIXEL,14.14214,0.0,14.14214,8.3263,0.0,3;5;6;8
196,4,D4,TES_L3,TES_PIXEL,14.14214,0.0,14.14214,8.3259,0.0,3;4;5;6
197,4,D4,TES_L3,TES_PIXEL,7.77817,0.0,7.77817,168.47121,0.0,2;4
198,4,D4,TES_L3,TES_PIXEL,-6.92965,0.0,-6.92965,8.32522,0.0,3;5;6;8
199,4,D4,TES_L3,TES_PIXEL,14.23406,8.0194,7.68625,299.58417,0.0,2;4
200,4,D4,TES_L3,TES_PIXEL,-1.30885,0.0,12.90399,92.55077,0.0,2;10
200,4,D4,TES_L3,TES_PIXEL,0.79479,0.0,17.12895,198.49599,0.0,11
200,4,D4,TES_L3,TES_PIXEL,14.23406,8.0194,7.68625,580.50387,0.0,2;4;8
200,4,D4,TES_L3,TES_PIXEL,-7.80366,-6.36396,-16.80366,241.02448,0.0,13
200,4,D4,TES_L3,TES_PIXEL,-6.61216,0.0,4.06516,2.89855,0.0,12
201,4,D4,TES_L3,TES_PIXEL,14.14214,0.0,14.14214,151.84784,0.0,2;4
202,4,D4,TES_L3,TES_PIXEL,3.53553,0.0,3.53553,227.95027,0.0,2;4
203,4,D4,TES_L3,TES_PIXEL,3.99137,4.32824,-0.45584,53.51101,0.0,2;4
203,4,D4,TES_L3,TES_PIXEL,-0.05449,14.78207,-8.71363,118.3474,0.0,6;7;9
204,4,D4,TES_L3,TES_PIXEL,14.14214,0.0,14.14214,283.65408,0.0,2;4
205,4,D4,TES_L3,TES_PIXEL,14.14214,0.0,14.14214,8.3234,0.0,3;4;5;6;7
206,4,D4,TES_L3,TES_PIXEL,7.77817,0.0,7.77817,0.89045,0.0,3;4;5
207,4,D4,TES_L3,TES_PIXEL,7.77817,0.0,7.77817,8.32641,0.0,3;5;6;8
208,4,D4,TES_L3,TES_PIXEL,14.14214,0.0,14.14214,131.68196,0.0,2;4
209,4,D4,TES_L3,TES_PIXEL,14.14214,0.0,14.14214,8.32473,0.0,3;4;5;6
210,4,D4,TES_L3,TES_PIXEL,14.14214,0.0,14.14214,26.95569,0.0,2;4
210,4,D4,TES_L3,TES_PIXEL,2.79236,0.0,21.38927,108.46544,0.0,9
210,4,D4,TES_L3,TES_PIXEL,-8.71363,14.78207,-0.05449,620.52572,0.0,10;11;12;14;15;16
211,4,D4,TES_L3,TES_PIXEL,14.14214,0.0,14.14214,8.32696,0.0,3;4;5
212,4,D4,TES_L3,TES_PIXEL,7.77817,0.0,7.77817,8.3253,0.0,3;4;5;6
213,4,D4,TES_L3,TES_PIXEL,14.14214,0.0,14.14214,151.54702,0.0,2;4;5
214,4,D4,TES_L3,TES_PIXEL,14.14214,0.0,14.14214,8.32512,0.0,3;4;5;6
215,4,D4,TES_L3,TES_PIXEL,-6.92965,0.0,-6.92965,80.01031,0.0,2;4
216,4,D4,TES_L3,TES_PIXEL,7.77817,0.0,7.77817,115.97359,0.0,2;4
217,4,D4,TES_L3,TES_PIXEL,-13.64645,0.0,0.56639,212.79726,0.0,11
217,4,D4,TES_L3,TES_PIXEL,-16.6163,0.0,1.98061,166.6688,0.0,12;13
217,4,D4,TES_L3,TES_PIXEL,6.06844,6.12293,-14.83657,131.53286,0.0,14;16;17;18
217,4,D4,TES_L3,TES_PIXEL,-6.92965,0.0,-6.92965,178.89343,0.0,9;10
217,4,D4,TES_L3,TES_PIXEL,-11.27765,0.0,-0.60033,397.46974,0.0,2;4
217,4,D4,TES_L3,TES_PIXEL,1.6617,0.0,-4.56084,332.10548,0.0,8;19
218,4,D4,TES_L3,TES_PIXEL,14.14214,0.0,14.14214,246.19167,0.0,2;4;6
219,4,D4,TES_L3,TES_PIXEL,13.43503,0.0,13.43503,8.32624,0.0,3;5;6;8
220,4,D4,TES_L3,TES_PIXEL,14.14214,0.0,14.14214,8.32586,0.0,3;5;7
221,4,D4,TES_L3,TES_PIXEL,7.77817,0.0,7.77817,8.32585,0.0,3;4;5;6
222,4,D4,TES_L3,TES_PIXEL,-11.27765,0.0,-0.60033,8.32604,0.0,3;5;6;8
223,4,D4,TES_L3,TES_PIXEL,7.77817,0.0,7.77817,148.54132,0.0,2;4
224,4,D4,TES_L3,TES_PIXEL,3.53553,0.0,3.53553,8.32543,0.0,3;5;6;8
225,4,D4,TES_L3,TES_PIXEL,7.77817,0.0,7.77817,257.91588,0.0,2;4
226,4,D4,TES_L3,TES_PIXEL,-6.92965,0.0,-6.92965,213.31638,0.0,2;4;5
227,4,D4,TES_L3,TES_PIXEL,0.0,0.0,0.0,8.32505,0.0,3;4;5;6;7
228,4,D4,TES_L3,TES_PIXEL,14.14214,0.0,14.14214,294.3772,0.0,2;4
229,4,D4,TES_L3,TES_PIXEL,14.14214,0.0,14.14214,8.32709,0.0,3;4;5;6
230,4,D4,TES_L3,TES_PIXEL,14.23406,8.0194,7.68625,240.57573,0.0,2;4
231,4,D4,TES_L3,TES_PIXEL,14.14214,0.0,14.14214,231.6109,0.0,2;4
232,4,D4,TES_L3,TES_PIXEL,0.0,0.0,0.0,8.32703,0.0,3;4;5;6
233,4,D4,TES_L3,TES_PIXEL,-6.61216,0.0,4.06516,31.80746,0.0,2;4
234,4,D4,TES_L3,TES_PIXEL,14.14214,0.0,14.14214,366.17206,0.0,2;4
235,4,D4,TES_L3,TES_PIXEL,3.53553,0.0,3.53553,8.32606,0.0,3;4;5;6
236,4,D4,TES_L3,TES_PIXEL,3.53553,0.0,3.53553,8.32416,0.0,3;4;5;6
237,4,D4,TES_L3,TES_PIXEL,3.99137,4.32824,-0.45584,1.02991,0.0,3;4
238,4,D4,TES_L3,TES_PIXEL,14.14214,0.0,14.14214,45.1467,0.0,2;4
239,4,D4,TES_L3,TES_PIXEL,14.14214,0.0,14.14214,135.55849,0.0,2;4
240,4,D4,TES_L3,TES_PIXEL,14.14214,0.0,14.14214,8.32329,0.0,3;4;5;6;7
241,4,D4,TES_L3,TES_PIXEL,-6.92965,0.0,-6.92965,8.32619,0.0,3;5;6;8
242,4,D4,TES_L3,TES_PIXEL,14.14214,0.0,14.14214,208.18,0.0,2;4
243,4,D4,TES_L3,TES_PIXEL,7.77817,0.0,7.77817,8.32748,0.0,3;4;5;6
244,4,D4,TES_L3,TES_PIXEL,3.99137,4.32824,-0.45584,8.32651,0.0,3;4;5;6;7
245,4,D4,TES_L3,TES_PIXEL,14.14214,0.0,14.14214,8.32555,0.0,3;5;6;8
246,4,D4,TES_L3,TES_PIXEL,14.14214,0.0,14.14214,0.10178,0.0,3;4
247,4,D4,TES_L3,TES_PIXEL,2.79236,0.0,21.38927,8.84363,0.0,9
247,4,D4,TES_L3,TES_PIXEL,21.093,9.31843,13.48453,14.16574,0.0,2;4
248,4,D4,TES_L3,TES_PIXEL,7.77817,0.0,7.77817,8.32627,0.0,3;5;6;8
249,4,D4,TES_L3,TES_PIXEL,14.14214,0.0,14.14214,7.14066,0.0,2;4
250,4,D4,TES_L3,TES_PIXEL,3.99137,4.32824,-0.45584,8.32504,0.0,3;4;5;6
251,4,D4,TES_L3,TES_PIXEL,7.77817,0.0,7.77817,8.32785,0.0,3;4;5;6
252,4,D4,TES_L3,TES_PIXEL,14.14214,0.0,14.14214,87.09954,0.0,2;4
253,4,D4,TES_L3,TES_PIXEL,0.0,0.0,0.0,234.4705,0.0,2;4
254,4,D4,TES_L3,TES_PIXEL,0.79479,0.0,17.12895,84.50806,0.0,12
254,4,D4,TES_L3,TES_PIXEL,-0.05449,14.78207,-8.71363,340.89426,0.0,8
254,4,D4,TES_L3,TES_PIXEL,6.75032,-14.5973,-1.80058,170.10465,0.0,9;10;11;15
254,4,D4,TES_L3,TES_PIXEL,-6.61216,0.0,4.06516,112.18663,0.0,2;4
255,4,D4,TES_L3,TES_PIXEL,3.53553,0.0,3.53553,314.45821,0.0,2;4
255,4,D4,TES_L3,TES_PIXEL,-10.11163,0.0,-10.11163,101.00222,0.0,8
255,4,D4,TES_L3,TES_PIXEL,-16.80366,-6.36396,-7.80366,409.99669,0.0,9;10;11;12
256,4,D4,TES_L3,TES_PIXEL,14.14214,0.0,14.14214,8.32821,0.0,3;4;5;6;7
257,4,D4,TES_L3,TES_PIXEL,0.0,0.0,0.0,102.29499,0.0,2;4
258,4,D4,TES_L3,TES_PIXEL,14.14214,0.0,14.14214,8.32363,0.0,3;4;5
259,4,D4,TES_L3,TES_PIXEL,14.14214,0.0,14.14214,8.32784,0.0,3;4;5;6
260,4,D4,TES_L3,TES_PIXEL,7.5269,4.32824,3.0797,8.3194,0.0,3;4;5;6;9
261,4,D4,TES_L3,TES_PIXEL,0.0,0.0,0.0,490.18764,0.0,2;4
262,4,D4,TES_L3,TES_PIXEL,3.53553,0.0,3.53553,8.32521,0.0,3;4;5;6
263,4,D4,TES_L3,TES_PIXEL,7.77817,0.0,7.77817,6.04437,0.0,11
263,4,D4,TES_L3,TES_PIXEL,6.92965,0.0,6.92965,889.92948,0.0,2;4;8;9;10
264,4,D4,TES_L3,TES_PIXEL,-10.11163,0.0,-10.11163,201.626,0.0,10;11;12
264,4,D4,TES_L3,TES_PIXEL,-7.80366,-6.36396,-16.80366,309.37291,0.0,9
264,4,D4,TES_L3,TES_PIXEL,-6.61216,0.0,4.06516,141.84926,0.0,2;4
265,4,D4,TES_L3,TES_PIXEL,-6.61216,0.0,4.06516,374.62852,0.0,2;4
266,4,D4,TES_L3,TES_PIXEL,7.77817,0.0,7.77817,8.32712,0.0,3;4;5;6
267,4,D4,TES_L3,TES_PIXEL,7.77817,0.0,7.77817,8.32814,0.0,3;4;5
268,4,D4,TES_L3,TES_PIXEL,14.14214,0.0,14.14214,198.59415,0.0,11;12;13
268,4,D4,TES_L3,TES_PIXEL,13.43503,0.0,13.43503,988.29252,0.0,2;4;8;10;15
269,4,D4,TES_L3,TES_PIXEL,3.99137,4.32824,-0.45584,8.32631,0.0,3;5;6;9
270,4,D4,TES_L3,TES_PIXEL,14.14214,0.0,14.14214,8.32654,0.0,3;4;5;6
271,2,D2,TES_L1,TES_PIXEL,-5.57907,-0.465,-1.33643,139.93279,0.0,11;12;13
271,4,D4,TES_L3,TES_PIXEL,0.0,0.0,0.0,810.93895,0.0,2;4;8;9;10;14;18;19;20
271,4,D4,TES_L3,TES_PIXEL,3.53553,0.0,3.53553,242.14196,0.0,15;16
272,4,D4,TES_L3,TES_PIXEL,14.14214,0.0,14.14214,447.22403,0.0,2;4;6
273,4,D4,TES_L3,TES_PIXEL,7.77817,0.0,7.77817,8.32761,0.0,3;4;5;6
274,4,D4,TES_L3,TES_PIXEL,14.14214,0.0,14.14214,81.14247,0.0,2;4
275,4,D4,TES_L3,TES_PIXEL,7.77817,0.0,7.77817,298.5775,0.0,2;4;6
276,4,D4,TES_L3,TES_PIXEL,3.53553,0.0,3.53553,8.32602,0.0,3;4;5
277,4,D4,TES_L3,TES_PIXEL,7.77817,0.0,7.77817,418.4093,0.0,2;4;6
278,4,D4,TES_L3,TES_PIXEL,14.14214,0.0,14.14214,352.50574,0.0,2;4
279,4,D4,TES_L3,TES_PIXEL,14.14214,0.0,14.14214,0.90863,0.0,3;4;5
280,4,D4,TES_L3,TES_PIXEL,0.0,0.0,0.0,8.32733,0.0,3;4;5;6
281,4,D4,TES_L3,TES_PIXEL,6.92965,0.0,6.92965,8.32944,0.0,3;4;5;6
282,4,D4,TES_L3,TES_PIXEL,14.14214,0.0,14.14214,8.32455,0.0,3;4;5;6
283,4,D4,TES_L3,TES_PIXEL,7.5269,4.32824,3.0797,0.88983,0.0,3;4;5
284,4,D4,TES_L3,TES_PIXEL,-3.90144,-7.48008,-2.82366,0.89122,0.0,3;4;5
285,4,D4,TES_L3,TES_PIXEL,-3.90144,-7.48008,-2.82366,8.32359,0.0,3;4;5
286,4,D4,TES_L3,TES_PIXEL,-6.92965,0.0,-6.92965,8.32552,0.0,3;5;6;8
287,4,D4,TES_L3,TES_PIXEL,3.53553,0.0,3.53553,234.61445,0.0,9;10;14
287,4,D4,TES_L3,TES_PIXEL,14.14214,0.0,14.14214,34.16682,0.0,2;4
287,4,D4,TES_L3,TES_PIXEL,-3.50089,0.0,8.73206,276.38446,0.0,8;13
288,4,D4,TES_L3,TES_PIXEL,7.77817,0.0,7.77817,8.32448,0.0,3;4;5;6
289,4,D4,TES_L3,TES_PIXEL,7.77817,0.0,7.77817,93.69624,0.0,10;15;16
289,4,D4,TES_L3,TES_PIXEL,14.14214,0.0,14.14214,950.43099,0.0,2;4;8;9;14
289,4,D4,TES_L3,TES_PIXEL,6.92965,0.0,6.92965,178.52433,0.0,18;19;20;21;22
289,4,D4,TES_L3,TES_PIXEL,6.06844,6.12293,-14.83657,231.42996,0.0,11;12;13
290,4,D4,TES_L3,TES_PIXEL,14.14214,0.0,14.14214,8.32684,0.0,3;5;6;8
291,4,D4,TES_L3,TES_PIXEL,14.14214,0.0,14.14214,0.89037,0.0,3;4;5
292,4,D4,TES_L3,TES_PIXEL,-6.61216,0.0,4.06516,8.32674,0.0,3;4;5;6
293,4,D4,TES_L3,TES_PIXEL,7.77817,0.0,7.77817,8.32719,0.0,3;4;5;6;7
294,4,D4,TES_L3,TES_PIXEL,7.77817,0.0,7.77817,193.39404,0.0,2;4
295,4,D4,TES_L3,TES_PIXEL,0.8556,0.0,0.8556,1.0299,0.0,3;4
296,4,D4,TES_L3,TES_PIXEL,14.14214,0.0,14.14214,8.32608,0.0,3;4;5;6
297,4,D4,TES_L3,TES_PIXEL,0.8556,0.0,0.8556,5.22564,0.0,2;4
298,4,D4,TES_L3,TES_PIXEL,0.0,0.0,0.0,235.35097,0.0,2;4
299,4,D4,TES_L3,TES_PIXEL,-10.11163,0.0,-10.11163,1337.90858,0.0,11;12;13;14;15
299,4,D4,TES_L3,TES_PIXEL,-6.92965,0.0,-6.92965,7.82621,0.0,10
299,4,D4,TES_L3,TES_PIXEL,-11.27765,0.0,-0.60033,8.31899,0.0,3;5;6;9;16
300,4,D4,TES_L3,TES_PIXEL,3.53553,0.0,3.53553,8.32616,0.0,3;5;6;8
301,4,D4,TES_L3,TES_PIXEL,-1.25865,0.0,-6.09526,122.29156,0.0,2;4
302,4,D4,TES_L3,TES_PIXEL,7.77817,0.0,7.77817,8.32678,0.0,3;5;6;8
303,4,D4,TES_L3,TES_PIXEL,14.14214,0.0,14.14214,119.13596,0.0,2;4
304,4,D4,TES_L3,TES_PIXEL,14.14214,0.0,14.14214,8.32607,0.0,3;5;6;8
305,4,D4,TES_L3,TES_PIXEL,3.53553,0.0,3.53553,8.32576,0.0,3;4;5;6
306,4,D4,TES_L3,TES_PIXEL,0.0,0.0,0.0,8.32723,0.0,3;4;5;6
307,4,D4,TES_L3,TES_PIXEL,14.14214,0.0,14.14214,8.32487,0.0,3;4;5;6
308,4,D4,TES_L3,TES_PIXEL,7.77817,0.0,7.77817,28.48753,0.0,2;4
309,4,D4,TES_L3,TES_PIXEL,7.77817,0.0,7.77817,8.32582,0.0,3;4;5;6
310,4,D4,TES_L3,TES_PIXEL,-3.90144,-7.48008,-2.82366,8.3257,0.0,3;5;6;8
311,4,D4,TES_L3,TES_PIXEL,14.14214,0.0,14.14214,69.15485,0.0,2;4
311,4,D4,TES_L3,TES_PIXEL,20.5061,0.0,20.5061,344.17954,0.0,14;15
311,4,D4,TES_L3,TES_PIXEL,-1.30885,0.0,12.90399,99.88767,0.0,8;9
311,4,D4,TES_L3,TES_PIXEL,-16.80366,6.36396,-7.80366,411.11124,0.0,10;11;12;13
312,4,D4,TES_L3,TES_PIXEL,0.0,0.0,0.0,474.91989,0.0,9;10;11;19
312,4,D4,TES_L3,TES_PIXEL,3.53553,0.0,3.53553,337.77638,0.0,2;4;8;12
312,4,D4,TES_L3,TES_PIXEL,-3.50089,0.0,8.73206,15.99189,0.0,15;16
312,4,D4,TES_L3,TES_PIXEL,-1.30885,0.0,12.90399,26.57323,0.0,13
312,4,D4,TES_L3,TES_PIXEL,0.79479,0.0,17.12895,79.03943,0.0,14;20
313,4,D4,TES_L3,TES_PIXEL,3.53553,0.0,3.53553,91.42147,0.0,2;4
314,4,D4,TES_L3,TES_PIXEL,14.14214,0.0,14.14214,8.32583,0.0,3;4;5;6
315,4,D4,TES_L3,TES_PIXEL,7.77817,0.0,7.77817,510.99891,0.0,9;10;11;12;13
315,4,D4,TES_L3,TES_PIXEL,14.14214,0.0,14.14214,144.99403,0.0,2;4
316,4,D4,TES_L3,TES_PIXEL,6.92965,0.0,6.92965,222.37677,0.0,2;4
317,4,D4,TES_L3,TES_PIXEL,7.77817,0.0,7.77817,331.46798,0.0,2;4
318,4,D4,TES_L3,TES_PIXEL,7.77817,0.0,7.77817,0.90785,0.0,3;4;5
319,4,D4,TES_L3,TES_PIXEL,14.14214,0.0,14.14214,8.32596,0.0,3;5;6;9
320,4,D4,TES_L3,TES_PIXEL,-6.61216,0.0,4.06516,8.32677,0.0,3;4;5;6
321,4,D4,TES_L3,TES_PIXEL,6.92965,0.0,6.92965,488.48541,0.0,2;4
322,4,D4,TES_L3,TES_PIXEL,-3.90144,-7.48008,-2.82366,8.32602,0.0,3;5;7
323,2,D2,TES_L1,TES_PIXEL,-5.49776,-0.465,-2.95217,510.99891,0.0,10;11;12
323,4,D4,TES_L3,TES_PIXEL,-12.30295,0.0,-0.07,191.76646,0.0,2;8
323,4,D4,TES_L3,TES_PIXEL,-13.64645,0.0,0.56639,60.21852,0.0,2
323,4,D4,TES_L3,TES_PIXEL,-9.79343,0.0,2.43952,80.01416,0.0,2
323,4,D4,TES_L3,TES_PIXEL,-10.79752,0.0,3.44361,48.78894,0.0,2
323,4,D4,TES_L3,TES_PIXEL,-6.61216,0.0,4.06516,83.49079,0.0,2;4
324,4,D4,TES_L3,TES_PIXEL,6.92965,0.0,6.92965,167.86121,0.0,2;4
325,4,D4,TES_L3,TES_PIXEL,7.77817,0.0,7.77817,8.32636,0.0,3;4;5;6
326,4,D4,TES_L3,TES_PIXEL,-6.61216,0.0,4.06516,8.32405,0.0,3;4;5;6;7
327,4,D4,TES_L3,TES_PIXEL,14.14214,0.0,14.14214,8.32638,0.0,3;5;6;8
328,4,D4,TES_L3,TES_PIXEL,14.14214,0.0,14.14214,8.32564,0.0,3;5;6;8
329,4,D4,TES_L3,TES_PIXEL,14.14214,0.0,14.14214,114.54349,0.0,2;4
330,4,D4,TES_L3,TES_PIXEL,7.77817,0.0,7.77817,8.32634,0.0,3;4;5;6
331,4,D4,TES_L3,TES_PIXEL,13.43503,0.0,13.43503,8.3258,0.0,3;5;6;8
332,4,D4,TES_L3,TES_PIXEL,14.14214,0.0,14.14214,0.89101,0.0,3;4;5
333,4,D4,TES_L3,TES_PIXEL,14.14214,0.0,14.14214,8.32602,0.0,3;4;6;8
334,4,D4,TES_L3,TES_PIXEL,14.14214,0.0,14.14214,407.17144,0.0,2;4
335,4,D4,TES_L3,TES_PIXEL,-6.61216,0.0,4.06516,8.32697,0.0,3;4;5;6
336,4,D4,TES_L3,TES_PIXEL,-6.92965,0.0,-6.92965,8.32652,0.0,3;5;6;8
337,4,D4,TES_L3,TES_PIXEL,14.14214,0.0,14.14214,8.32669,0.0,3;4;5;6
338,4,D4,TES_L3,TES_PIXEL,14.14214,0.0,14.14214,300.17695,0.0,2;4
339,4,D4,TES_L3,TES_PIXEL,7.77817,0.0,7.77817,8.32582,0.0,3;5;6;8
340,4,D4,TES_L3,TES_PIXEL,3.53553,0.0,3.53553,162.10225,0.0,2;4
341,4,D4,TES_L3,TES_PIXEL,14.23406,8.0194,7.68625,8.32672,0.0,3;5;6;8
342,4,D4,TES_L3,TES_PIXEL,14.14214,0.0,14.14214,368.56063,0.0,2;4
343,4,D4,TES_L3,TES_PIXEL,14.14214,0.0,14.14214,571.08192,0.0,2;4;8;9;10;11;12;13
344,4,D4,TES_L3,TES_PIXEL,14.14214,0.0,14.14214,8.32794,0.0,3;4;5;6
345,4,D4,TES_L3,TES_PIXEL,14.14214,0.0,14.14214,150.90544,0.0,2;4
346,4,D4,TES_L3,TES_PIXEL,7.77817,0.0,7.77817,8.32527,0.0,3;4;5;6
347,4,D4,TES_L3,TES_PIXEL,13.43503,0.0,13.43503,151.19269,0.0,2;4
348,4,D4,TES_L3,TES_PIXEL,14.14214,0.0,14.14214,160.39197,0.0,2;4
349,4,D4,TES_L3,TES_PIXEL,14.14214,0.0,14.14214,168.26379,0.0,2;4
350,4,D4,TES_L3,TES_PIXEL,14.14214,0.0,14.14214,232.01777,0.0,2;4
351,4,D4,TES_L3,TES_PIXEL,14.14214,0.0,14.14214,616.05741,0.0,2;4;9;13;14;18;19;20
351,4,D4,TES_L3,TES_PIXEL,2.79236,0.0,21.38927,233.79409,0.0,10;11;23;24
351,4,D4,TES_L3,TES_PIXEL,12.35722,8.31158,22.2203,168.22242,0.0,15;16;17;25
352,4,D4,TES_L3,TES_PIXEL,3.53553,0.0,3.53553,8.32586,0.0,3;5;6;8
353,4,D4,TES_L3,TES_PIXEL,21.093,9.31843,13.48453,262.79708,0.0,2;4
354,4,D4,TES_L3,TES_PIXEL,14.14214,0.0,14.14214,180.2311,0.0,2;4
355,4,D4,TES_L3,TES_PIXEL,14.14214,0.0,14.14214,331.30142,0.0,2;4
356,4,D4,TES_L3,TES_PIXEL,14.14214,0.0,14.14214,230.30375,0.0,2;4
357,4,D4,TES_L3,TES_PIXEL,7.77817,0.0,7.77817,49.4333,0.0,2;4
358,4,D4,TES_L3,TES_PIXEL,14.14214,0.0,14.14214,286.64207,0.0,2;4
359,4,D4,TES_L3,TES_PIXEL,14.14214,0.0,14.14214,74.08324,0.0,2;4
360,4,D4,TES_L3,TES_PIXEL,7.77817,0.0,7.77817,187.20356,0.0,2;4
361,4,D4,TES_L3,TES_PIXEL,3.53553,0.0,3.53553,93.95573,0.0,2;4
362,4,D4,TES_L3,TES_PIXEL,-16.6163,0.0,1.98061,58.2632,0.0,17
362,4,D4,TES_L3,TES_PIXEL,-8.71363,14.78207,-0.05449,510.99891,0.0,8;9;10;11;12;13;20;21
362,4,D4,TES_L3,TES_PIXEL,-0.68943,0.0,-0.86621,249.6509,0.0,14;15
362,4,D4,TES_L3,TES_PIXEL,-0.61872,0.0,-0.58336,94.40813,0.0,16
362,4,D4,TES_L3,TES_PIXEL,-6.61216,0.0,4.06516,16.61425,0.0,2;4
363,4,D4,TES_L3,TES_PIXEL,7.5269,4.32824,3.0797,8.32548,0.0,3;5;6;8
364,4,D4,TES_L3,TES_PIXEL,14.14214,0.0,14.14214,8.32543,0.0,3;5;6;8
365,4,D4,TES_L3,TES_PIXEL,0.0,0.0,0.0,7.38099,0.0,20
365,4,D4,TES_L3,TES_PIXEL,14.14214,0.0,14.14214,151.65512,0.0,21;22;23;24
365,4,D4,TES_L3,TES_PIXEL,-12.30295,0.0,-0.07,290.10136,0.0,16;17;26;27
365,4,D4,TES_L3,TES_PIXEL,-8.71363,-14.78207,-0.05449,223.28785,0.0,9;10;11;12;13;14;15
365,4,D4,TES_L3,TES_PIXEL,-11.27765,0.0,-0.60033,248.41507,0.0,2;4;18;19
365,4,D4,TES_L3,TES_PIXEL,-12.30258,-3.02053,5.5952,287.71106,0.0,8;25
366,4,D4,TES_L3,TES_PIXEL,7.77817,0.0,7.77817,55.08893,0.0,2;4
367,4,D4,TES_L3,TES_PIXEL,14.14214,0.0,14.14214,238.88711,0.0,2;4
368,4,D4,TES_L3,TES_PIXEL,14.14214,0.0,14.14214,8.32413,0.0,3;4;5
369,4,D4,TES_L3,TES_PIXEL,14.14214,0.0,14.14214,16.77657,0.0,2;4
370,4,D4,TES_L3,TES_PIXEL,14.14214,0.0,14.14214,53.01648,0.0,2;4
371,4,D4,TES_L3,TES_PIXEL,14.14214,0.0,14.14214,3.61104,0.0,2;4
371,4,D4,TES_L3,TES_PIXEL,20.5061,0.0,20.5061,398.91539,0.0,8;9;10
371,4,D4,TES_L3,TES_PIXEL,26.87006,0.0,26.87006,3.52659,0.0,11
372,4,D4,TES_L3,TES_PIXEL,14.23406,8.0194,7.68625,119.97932,0.0,2;4
372,4,D4,TES_L3,TES_PIXEL,-1.80058,14.5973,6.75032,34.65277,0.0,9
373,4,D4,TES_L3,TES_PIXEL,0.0,0.0,0.0,1161.00843,0.0,2;4;8;9;13;14;15;16
373,4,D4,TES_L3,TES_PIXEL,-10.11163,0.0,-10.11163,236.33206,0.0,10;11;12
374,4,D4,TES_L3,TES_PIXEL,6.92965,0.0,6.92965,8.32547,0.0,3;4;5;6
375,4,D4,TES_L3,TES_PIXEL,7.77817,0.0,7.77817,316.86702,0.0,2;4
376,4,D4,TES_L3,TES_PIXEL,7.77817,0.0,7.77817,8.32473,0.0,3;4;5;6
377,4,D4,TES_L3,TES_PIXEL,14.14214,0.0,14.14214,8.32641,0.0,3;4;5;6
378,4,D4,TES_L3,TES_PIXEL,14.14214,0.0,14.14214,359.70441,0.0,2;4
379,4,D4,TES_L3,TES_PIXEL,14.14214,0.0,14.14214,8.32534,0.0,3;4;5;6
380,4,D4,TES_L3,TES_PIXEL,14.14214,0.0,14.14214,8.32604,0.0,3;5;6;8
381,4,D4,TES_L3,TES_PIXEL,6.92965,0.0,6.92965,196.4469,0.0,2;4;6
382,4,D4,TES_L3,TES_PIXEL,7.77817,0.0,7.77817,0.9084,0.0,3;4;5
383,4,D4,TES_L3,TES_PIXEL,7.77817,0.0,7.77817,8.32732,0.0,3;4;5;6
384,4,D4,TES_L3,TES_PIXEL,14.14214,0.0,14.14214,156.46245,0.0,2;4
385,4,D4,TES_L3,TES_PIXEL,14.14214,0.0,14.14214,8.32648,0.0,3;4;5;6
386,4,D4,TES_L3,TES_PIXEL,7.77817,0.0,7.77817,292.98142,0.0,2;4
387,4,D4,TES_L3,TES_PIXEL,14.14214,0.0,14.14214,174.96937,0.0,2;4
388,4,D4,TES_L3,TES_PIXEL,7.77817,0.0,7.77817,242.2536,0.0,2;4;8
388,4,D4,TES_L3,TES_PIXEL,-7.84697,6.0464,12.79672,373.07399,0.0,10;12;13;14;15;18
388,4,D4,TES_L3,TES_PIXEL,-7.63675,0.0,15.55635,46.27556,0.0,9
389,4,D4,TES_L3,TES_PIXEL,7.77817,0.0,7.77817,8.32673,0.0,3;4;5;6;7
390,4,D4,TES_L3,TES_PIXEL,14.14214,0.0,14.14214,328.22865,0.0,2;4;10;12;13
390,4,D4,TES_L3,TES_PIXEL,12.35722,8.31158,22.2203,1.28815,0.0,8
391,4,D4,TES_L3,TES_PIXEL,14.14214,0.0,14.14214,1.02999,0.0,3;4
392,4,D4,TES_L3,TES_PIXEL,0.0,0.0,0.0,44.07396,0.0,2;4
393,4,D4,TES_L3,TES_PIXEL,7.77817,0.0,7.77817,8.32413,0.0,3;4;5;6
394,4,D4,TES_L3,TES_PIXEL,0.0,0.0,0.0,333.27517,0.0,2;4;5
395,4,D4,TES_L3,TES_PIXEL,7.77817,0.0,7.77817,8.32567,0.0,3;5;7
396,4,D4,TES_L3,TES_PIXEL,14.14214,0.0,14.14214,95.36842,0.0,2;4
397,4,D4,TES_L3,TES_PIXEL,0.8556,0.0,0.8556,377.27119,0.0,2;4
398,4,D4,TES_L3,TES_PIXEL,3.53553,0.0,3.53553,8.32594,0.0,3;5;6;8
399,4,D4,TES_L3,TES_PIXEL,14.14214,0.0,14.14214,8.32501,0.0,3;4;5;6
400,4,D4,TES_L3,TES_PIXEL,7.77817,0.0,7.77817,8.32594,0.0,3;5;6;8
401,4,D4,TES_L3,TES_PIXEL,14.14214,0.0,14.14214,92.4611,0.0,2;4
402,4,D4,TES_L3,TES_PIXEL,6.92965,0.0,6.92965,218.96825,0.0,2;4
403,4,D4,TES_L3,TES_PIXEL,14.14214,0.0,14.14214,46.14328,0.0,2;4
404,4,D4,TES_L3,TES_PIXEL,3.53553,0.0,3.53553,8.32624,0.0,3;5;7
405,4,D4,TES_L3,TES_PIXEL,14.14214,0.0,14.14214,8.32617,0.0,3;5;6;8
406,4,D4,TES_L3,TES_PIXEL,14.14214,0.0,14.14214,8.32463,0.0,3;4;5;6
407,4,D4,TES_L3,TES_PIXEL,7.77817,0.0,7.77817,988.24076,0.0,2;4;8;13
407,4,D4,TES_L3,TES_PIXEL,-1.30885,0.0,12.90399,9.80462,0.0,9
407,4,D4,TES_L3,TES_PIXEL,-15.39548,4.56667,6.38926,210.63597,0.0,10;11;12
408,4,D4,TES_L3,TES_PIXEL,14.14214,0.0,14.14214,65.41232,0.0,2;4
409,4,D4,TES_L3,TES_PIXEL,14.14214,0.0,14.14214,8.32696,0.0,3;4;5
410,4,D4,TES_L3,TES_PIXEL,14.14214,0.0,14.14214,8.32754,0.0,3;4;5;6
411,4,D4,TES_L3,TES_PIXEL,-3.90144,-7.48008,-2.82366,15.2746,0.0,2;4
412,4,D4,TES_L3,TES_PIXEL,3.53553,0.0,3.53553,38.8847,0.0,2;4
413,4,D4,TES_L3,TES_PIXEL,7.77817,0.0,7.77817,8.32882,0.0,3;4;5;6
414,4,D4,TES_L3,TES_PIXEL,14.14214,0.0,14.14214,531.28585,0.0,2;4
414,4,D4,TES_L3,TES_PIXEL,-1.30885,0.0,12.90399,47.28874,0.0,8
415,4,D4,TES_L3,TES_PIXEL,14.14214,0.0,14.14214,98.67433,0.0,2;4
416,4,D4,TES_L3,TES_PIXEL,0.0,0.0,0.0,8.32719,0.0,3;4;5;6
417,4,D4,TES_L3,TES_PIXEL,14.14214,0.0,14.14214,8.32694,0.0,3;5;6;8
418,4,D4,TES_L3,TES_PIXEL,14.14214,0.0,14.14214,1.02245,0.0,3;4;7
419,4,D4,TES_L3,TES_PIXEL,3.53553,0.0,3.53553,8.32422,0.0,3;4;5;6
420,4,D4,TES_L3,TES_PIXEL,7.77817,0.0,7.77817,488.91736,0.0,2;4;15;16;18;20
420,4,D4,TES_L3,TES_PIXEL,2.23529,5.1708,8.37131,510.99891,0.0,9;10;11;12;13;14;21;22
421,4,D4,TES_L3,TES_PIXEL,14.14214,0.0,14.14214,8.32422,0.0,3;4;5;6
422,4,D4,TES_L3,TES_PIXEL,14.14214,0.0,14.14214,0.90868,0.0,3;4;5
423,4,D4,TES_L3,TES_PIXEL,3.53553,0.0,3.53553,1.03084,0.0,3;4;5;6
424,4,D4,TES_L3,TES_PIXEL,14.14214,0.0,14.14214,59.0764,0.0,2;4
425,4,D4,TES_L3,TES_PIXEL,14.14214,0.0,14.14214,179.88825,0.0,2;4
426,4,D4,TES_L3,TES_PIXEL,14.14214,0.0,14.14214,26.30219,0.0,2;4
427,4,D4,TES_L3,TES_PIXEL,14.14214,0.0,14.14214,346.05476,0.0,2;4
428,4,D4,TES_L3,TES_PIXEL,14.14214,0.0,14.14214,8.32568,0.0,3;4;5;6
429,4,D4,TES_L3,TES_PIXEL,3.53553,0.0,3.53553,190.62587,0.0,2;4
430,4,D4,TES_L3,TES_PIXEL,7.77817,0.0,7.77817,199.71522,0.0,2;4
431,4,D4,TES_L3,TES_PIXEL,7.77817,0.0,7.77817,278.99547,0.0,2;4
431,4,D4,TES_L3,TES_PIXEL,-1.30885,0.0,12.90399,113.62465,0.0,8;10
431,4,D4,TES_L3,TES_PIXEL,0.79479,0.0,17.12895,291.47198,0.0,9
432,4,D4,TES_L3,TES_PIXEL,-11.27765,0.0,-0.60033,8.32624,0.0,3;5;7
433,4,D4,TES_L3,TES_PIXEL,14.14214,0.0,14.14214,39.15274,0.0,2;4
434,4,D4,TES_L3,TES_PIXEL,14.14214,0.0,14.14214,0.89084,0.0,3;4;5
435,4,D4,TES_L3,TES_PIXEL,7.77817,0.0,7.77817,8.32608,0.0,3;4;5;6
436,4,D4,TES_L3,TES_PIXEL,14.14214,0.0,14.14214,628.65055,0.0,2;4;10
437,4,D4,TES_L3,TES_PIXEL,13.43503,0.0,13.43503,8.32619,0.0,3;5;6;8
438,4,D4,TES_L3,TES_PIXEL,-3.90144,-7.48008,-2.82366,8.3242,0.0,3;4;5;6
439,4,D4,TES_L3,TES_PIXEL,3.99137,4.32824,-0.45584,82.78206,0.0,2;4
440,4,D4,TES_L3,TES_PIXEL,3.53553,0.0,3.53553,847.12411,0.0,2;4;8;13;14;15;16;21
440,4,D4,TES_L3,TES_PIXEL,12.79672,-6.0464,-7.84697,378.26515,0.0,9;10;12;18;19;20
441,4,D4,TES_L3,TES_PIXEL,7.77817,0.0,7.77817,8.32703,0.0,3;5;6;8
442,4,D4,TES_L3,TES_PIXEL,14.14214,0.0,14.14214,406.82768,0.0,10;11;12;13
442,4,D4,TES_L3,TES_PIXEL,20.5061,0.0,20.5061,12.40291,0.0,15
442,4,D4,TES_L3,TES_PIXEL,0.79479,0.0,17.12895,121.01365,0.0,14;17
442,4,D4,TES_L3,TES_PIXEL,7.5269,4.32824,3.0797,530.17675,0.0,2;4;8
442,4,D4,TES_L3,TES_PIXEL,6.92965,0.0,6.92965,30.99318,0.0,9
443,4,D4,TES_L3,TES_PIXEL,3.99137,4.32824,-0.45584,6.17848,0.0,2;4
444,4,D4,TES_L3,TES_PIXEL,-6.92965,0.0,-6.92965,263.24614,0.0,2;4
445,4,D4,TES_L3,TES_PIXEL,7.77817,0.0,7.77817,8.32621,0.0,3;5;6;8
446,4,D4,TES_L3,TES_PIXEL,3.53553,0.0,3.53553,8.3259,0.0,3;5;6;8
447,4,D4,TES_L3,TES_PIXEL,7.77817,0.0,7.77817,8.32659,0.0,3;5;6;8
448,4,D4,TES_L3,TES_PIXEL,7.5269,4.32824,3.0797,8.3254,0.0,3;5;6;8
449,4,D4,TES_L3,TES_PIXEL,3.53553,0.0,3.53553,8.32508,0.0,3;5;6;8
450,4,D4,TES_L3,TES_PIXEL,14.14214,0.0,14.14214,8.32412,0.0,3;4;5;6
451,4,D4,TES_L3,TES_PIXEL,7.77817,0.0,7.77817,195.84868,0.0,2;4
452,4,D4,TES_L3,TES_PIXEL,3.53553,0.0,3.53553,8.32607,0.0,3;5;7
453,4,D4,TES_L3,TES_PIXEL,0.0,0.0,0.0,328.48715,0.0,8
453,4,D4,TES_L3,TES_PIXEL,-16.80366,-6.36396,-7.80366,510.99891,0.0,10;11
453,4,D4,TES_L3,TES_PIXEL,-6.61216,0.0,4.06516,495.74247,0.0,2;4;9
454,4,D4,TES_L3,TES_PIXEL,14.14214,0.0,14.14214,181.15013,0.0,2;4
455,4,D4,TES_L3,TES_PIXEL,13.43503,0.0,13.43503,283.1484,0.0,2;4
456,4,D4,TES_L3,TES_PIXEL,14.14214,0.0,14.14214,52.00632,0.0,2;4
457,4,D4,TES_L3,TES_PIXEL,3.53553,0.0,3.53553,246.70414,0.0,2;4
458,4,D4,TES_L3,TES_PIXEL,14.23406,8.0194,7.68625,8.32656,0.0,3;5;6;8
459,4,D4,TES_L3,TES_PIXEL,14.14214,0.0,14.14214,106.84413,0.0,10;11
459,4,D4,TES_L3,TES_PIXEL,2.79236,0.0,21.38927,43.81177,0.0,13
459,4,D4,TES_L3,TES_PIXEL,13.43503,0.0,13.43503,306.17818,0.0,2;4;8;9
460,4,D4,TES_L3,TES_PIXEL,3.53553,0.0,3.53553,1.02927,0.0,3;4
461,4,D4,TES_L3,TES_PIXEL,7.51655,5.42132,3.09006,8.32708,0.0,3;5;6;8
462,4,D4,TES_L3,TES_PIXEL,7.77817,0.0,7.77817,392.163,0.0,2;4
463,4,D4,TES_L3,TES_PIXEL,2.51023,1.1,-7.17713,464.52697,0.0,2;4;10
463,4,D4,TES_L3,TES_PIXEL,0.0,0.0,0.0,189.60109,0.0,11;12
463,4,D4,TES_L3,TES_PIXEL,-2.96985,6.75,-2.96985,44.52175,0.0,8
464,4,D4,TES_L3,TES_PIXEL,14.14214,0.0,14.14214,0.90818,0.0,3;4;5
465,4,D4,TES_L3,TES_PIXEL,-11.27765,0.0,-0.60033,410.40982,0.0,2;4
466,4,D4,TES_L3,TES_PIXEL,13.43503,0.0,13.43503,8.3265,0.0,3;5;6;8
467,4,D4,TES_L3,TES_PIXEL,14.14214,0.0,14.14214,55.9352,0.0,2;4
468,4,D4,TES_L3,TES_PIXEL,14.23406,8.0194,7.68625,22.91355,0.0,2;4
469,4,D4,TES_L3,TES_PIXEL,14.14214,0.0,14.14214,286.80838,0.0,2;4;13;15;16
469,4,D4,TES_L3,TES_PIXEL,2.79236,0.0,21.38927,66.79694,0.0,9
469,4,D4,TES_L3,TES_PIXEL,-10.91283,6.12293,9.99218,444.20197,0.0,8;11;12
470,4,D4,TES_L3,TES_PIXEL,14.14214,0.0,14.14214,382.81198,0.0,2;4
471,4,D4,TES_L3,TES_PIXEL,14.14214,0.0,14.14214,317.91753,0.0,2;4
471,4,D4,TES_L3,TES_PIXEL,20.5061,0.0,20.5061,140.20509,0.0,8
471,4,D4,TES_L3,TES_PIXEL,2.79236,0.0,21.38927,254.08649,0.0,10;12
472,4,D4,TES_L3,TES_PIXEL,0.0,0.0,0.0,0.1018,0.0,3;4
473,4,D4,TES_L3,TES_PIXEL,7.77817,0.0,7.77817,8.32612,0.0,3;4;5;6
474,4,D4,TES_L3,TES_PIXEL,0.0,0.0,0.0,160.6023,0.0,13
474,4,D4,TES_L3,TES_PIXEL,7.5269,4.32824,3.0797,300.22795,0.0,2;4;8;9;11
474,4,D4,TES_L3,TES_PIXEL,-0.68943,0.0,-0.86621,279.19706,0.0,12;15;16
475,4,D4,TES_L3,TES_PIXEL,0.0,0.0,0.0,106.17279,0.0,10
475,4,D4,TES_L3,TES_PIXEL,3.53553,0.0,3.53553,920.73027,0.0,2;4;8
475,4,D4,TES_L3,TES_PIXEL,3.99137,4.32824,-0.45584,102.07494,0.0,9
475,4,D4,TES_L3,TES_PIXEL,-10.11163,0.0,-10.11163,302.75119,0.0,11;12;13;14;15
476,4,D4,TES_L3,TES_PIXEL,7.77817,0.0,7.77817,8.32448,0.0,3;4;5;6
477,4,D4,TES_L3,TES_PIXEL,-11.27765,0.0,-0.60033,141.14181,0.0,2;4;5
478,4,D4,TES_L3,TES_PIXEL,7.77817,0.0,7.77817,8.32652,0.0,3;5;6;8
479,4,D4,TES_L3,TES_PIXEL,14.14214,0.0,14.14214,219.34469,0.0,2;4
480,4,D4,TES_L3,TES_PIXEL,-6.61216,0.0,4.06516,46.39429,0.0,2;4
481,4,D4,TES_L3,TES_PIXEL,14.14214,0.0,14.14214,142.59908,0.0,2;4
482,4,D4,TES_L3,TES_PIXEL,7.77817,0.0,7.77817,8.32495,0.0,3;4;5;6
483,4,D4,TES_L3,TES_PIXEL,14.14214,0.0,14.14214,351.08471,0.0,2;4
483,4,D4,TES_L3,TES_PIXEL,13.43503,0.0,13.43503,168.9272,0.0,8
483,4,D4,TES_L3,TES_PIXEL,-7.84697,6.0464,12.79672,50.90168,0.0,9
484,4,D4,TES_L3,TES_PIXEL,-6.92965,0.0,-6.92965,8.32567,0.0,3;5;6;8
485,4,D4,TES_L3,TES_PIXEL,14.14214,0.0,14.14214,319.80356,0.0,2;4
486,4,D4,TES_L3,TES_PIXEL,14.23406,8.0194,7.68625,8.32666,0.0,3;4;5;6
487,4,D4,TES_L3,TES_PIXEL,21.093,9.31843,13.48453,8.32549,0.0,3;4;5;6
488,4,D4,TES_L3,TES_PIXEL,14.14214,0.0,14.14214,8.32608,0.0,3;5;7
489,4,D4,TES_L3,TES_PIXEL,3.53553,0.0,3.53553,8.32741,0.0,3;4;5;6
490,4,D4,TES_L3,TES_PIXEL,3.53553,0.0,3.53553,206.68466,0.0,2;4
491,4,D4,TES_L3,TES_PIXEL,14.14214,0.0,14.14214,159.63481,0.0,2;4
492,4,D4,TES_L3,TES_PIXEL,14.14214,0.0,14.14214,8.32382,0.0,3;4;5;6
493,4,D4,TES_L3,TES_PIXEL,3.99137,4.32824,-0.45584,103.31063,0.0,2;4
494,4,D4,TES_L3,TES_PIXEL,14.14214,0.0,14.14214,8.32372,0.0,3;4;5;6;7
495,4,D4,TES_L3,TES_PIXEL,10.99551,0.0,26.1276,191.21536,0.0,2;4
496,4,D4,TES_L3,TES_PIXEL,3.53553,0.0,3.53553,8.32849,0.0,3;4;5;6
497,4,D4,TES_L3,TES_PIXEL,7.77817,0.0,7.77817,8.32778,0.0,3;4;5;6
498,4,D4,TES_L3,TES_PIXEL,0.0,0.0,0.0,8.32522,0.0,3;5;6;8
499,4,D4,TES_L3,TES_PIXEL,14.14214,0.0,14.14214,793.18948,0.0,2;4;10;11;12
499,4,D4,TES_L3,TES_PIXEL,2.79236,0.0,21.38927,57.91733,0.0,8
500,4,D4,TES_L3,TES_PIXEL,14.14214,0.0,14.14214,124.91979,0.0,2;4
501,4,D4,TES_L3,TES_PIXEL,14.14214,0.0,14.14214,280.26588,0.0,2;4;9
501,4,D4,TES_L3,TES_PIXEL,13.43503,0.0,13.43503,197.7844,0.0,8;14
502,4,D4,TES_L3,TES_PIXEL,14.14214,0.0,14.14214,171.12839,0.0,2;4
503,4,D4,TES_L3,TES_PIXEL,14.14214,0.0,14.14214,8.32615,0.0,3;4;5;6
504,4,D4,TES_L3,TES_PIXEL,14.14214,0.0,14.14214,8.32628,0.0,3;4;5;6
505,4,D4,TES_L3,TES_PIXEL,14.14214,0.0,14.14214,245.59109,0.0,2;4
506,4,D4,TES_L3,TES_PIXEL,7.77817,0.0,7.77817,129.90341,0.0,2;4
507,4,D4,TES_L3,TES_PIXEL,3.99137,4.32824,-0.45584,146.22615,0.0,2;4
508,4,D4,TES_L3,TES_PIXEL,6.92965,0.0,6.92965,134.53956,0.0,2;4
509,4,D4,TES_L3,TES_PIXEL,6.06844,6.12293,-14.83657,366.63829,0.0,14;15;16;17
509,4,D4,TES_L3,TES_PIXEL,-8.71363,-14.78207,-0.05449,458.57394,0.0,9;10;11;21;22;23;24
509,4,D4,TES_L3,TES_PIXEL,-11.27765,0.0,-0.60033,245.0765,0.0,2;4;12;13;18
509,4,D4,TES_L3,TES_PIXEL,-10.16554,-2.29921,3.45815,52.42497,0.0,8
510,4,D4,TES_L3,TES_PIXEL,21.093,9.31843,13.48453,87.85205,0.0,2;4
511,4,D4,TES_L3,TES_PIXEL,3.53553,0.0,3.53553,33.90164,0.0,8
511,4,D4,TES_L3,TES_PIXEL,7.77817,0.0,7.77817,211.70411,0.0,2;4;16
511,4,D4,TES_L3,TES_PIXEL,-3.50089,0.0,8.73206,71.27529,0.0,9
511,4,D4,TES_L3,TES_PIXEL,-1.80058,14.5973,6.75032,405.82198,0.0,10;11;12;13;14;15
512,4,D4,TES_L3,TES_PIXEL,7.77817,0.0,7.77817,1.02975,0.0,3;4;5;6
513,4,D4,TES_L3,TES_PIXEL,14.14214,0.0,14.14214,8.32633,0.0,3;5;6;8
514,4,D4,TES_L3,TES_PIXEL,3.53553,0.0,3.53553,103.25757,0.0,2;4
514,4,D4,TES_L3,TES_PIXEL,7.77817,0.0,7.77817,161.36713,0.0,12;13;14;15
514,4,D4,TES_L3,TES_PIXEL,0.79479,0.0,17.12895,94.55808,0.0,10
514,4,D4,TES_L3,TES_PIXEL,2.79236,0.0,21.38927,255.0737,0.0,11
514,4,D4,TES_L3,TES_PIXEL,-1.20208,0.0,3.04056,203.09218,0.0,9
514,4,D4,TES_L3,TES_PIXEL,3.99137,4.32824,-0.45584,307.90673,0.0,8
515,4,D4,TES_L3,TES_PIXEL,14.14214,0.0,14.14214,8.32524,0.0,3;4;5;6
516,4,D4,TES_L3,TES_PIXEL,3.53553,0.0,3.53553,556.90509,0.0,2;4;8;9;11
517,4,D4,TES_L3,TES_PIXEL,7.77817,0.0,7.77817,8.32578,0.0,3;4;5;6;7
518,4,D4,TES_L3,TES_PIXEL,7.77817,0.0,7.77817,391.90716,0.0,2;4
519,4,D4,TES_L3,TES_PIXEL,-0.72478,0.0,-3.76534,137.42627,0.0,2;4
519,4,D4,TES_L3,TES_PIXEL,0.0,0.0,0.0,510.99891,0.0,11;12;13;14
519,4,D4,TES_L3,TES_PIXEL,-10.11163,0.0,-10.11163,510.99891,0.0,8;9;10;16;17;18
520,4,D4,TES_L3,TES_PIXEL,14.14214,0.0,14.14214,79.67243,0.0,2;4
521,4,D4,TES_L3,TES_PIXEL,14.14214,0.0,14.14214,8.32671,0.0,3;5;6;8
522,4,D4,TES_L3,TES_PIXEL,14.14214,0.0,14.14214,201.57595,0.0,2;4
523,4,D4,TES_L3,TES_PIXEL,14.14214,0.0,14.14214,201.4015,0.0,2;4
524,4,D4,TES_L3,TES_PIXEL,7.77817,0.0,7.77817,1.02942,0.0,3;4;5
525,4,D4,TES_L3,TES_PIXEL,14.14214,0.0,14.14214,120.90149,0.0,2;4
526,4,D4,TES_L3,TES_PIXEL,13.43503,0.0,13.43503,100.89362,0.0,2;4
527,4,D4,TES_L3,TES_PIXEL,-6.92965,0.0,-6.92965,0.10174,0.0,3;4
528,4,D4,TES_L3,TES_PIXEL,14.14214,0.0,14.14214,8.32614,0.0,3;4;5;6
529,4,D4,TES_L3,TES_PIXEL,7.77817,0.0,7.77817,117.02383,0.0,11;12;13;15
529,4,D4,TES_L3,TES_PIXEL,14.14214,0.0,14.14214,705.55229,0.0,2;4;9;21
529,4,D4,TES_L3,TES_PIXEL,9.22153,-9.1763,12.69878,155.74233,0.0,10
529,4,D4,TES_L3,TES_PIXEL,-1.80058,14.5973,6.75032,432.10264,0.0,16;17;18;19;20
530,4,D4,TES_L3,TES_PIXEL,14.14214,0.0,14.14214,8.32657,0.0,3;4;5;6;7
531,4,D4,TES_L3,TES_PIXEL,7.77817,0.0,7.77817,178.64491,0.0,2;4
532,4,D4,TES_L3,TES_PIXEL,-1.25865,0.0,-6.09526,153.70917,0.0,2;4
533,4,D4,TES_L3,TES_PIXEL,7.77817,0.0,7.77817,288.70716,0.0,2;4;11;15
533,4,D4,TES_L3,TES_PIXEL,14.14214,0.0,14.14214,223.8514,0.0,12
533,4,D4,TES_L3,TES_PIXEL,2.79236,0.0,21.38927,9.72853,0.0,13
534,4,D4,TES_L3,TES_PIXEL,0.0,0.0,0.0,102.68114,0.0,2;4
535,4,D4,TES_L3,TES_PIXEL,14.14214,0.0,14.14214,78.65778,0.0,2;4
536,4,D4,TES_L3,TES_PIXEL,-7.45998,0.0,-7.45998,19.48294,0.0,9
536,4,D4,TES_L3,TES_PIXEL,-8.87419,0.0,-8.87419,283.26369,0.0,10
536,4,D4,TES_L3,TES_PIXEL,-15.06067,0.0,1.2735,26.40712,0.0,11
536,4,D4,TES_L3,TES_PIXEL,-9.79343,0.0,-9.79343,35.02847,0.0,12
536,4,D4,TES_L3,TES_PIXEL,-18.05319,6.12293,2.85181,112.1145,0.0,13;14;16
536,4,D4,TES_L3,TES_PIXEL,-6.92965,0.0,-6.92965,34.7022,0.0,8
536,4,D4,TES_L3,TES_PIXEL,-3.90144,-7.48008,-2.82366,255.78901,0.0,2;4
537,4,D4,TES_L3,TES_PIXEL,14.14214,0.0,14.14214,8.32332,0.0,3;4;5;6;7
538,4,D4,TES_L3,TES_PIXEL,0.0,0.0,0.0,19.2271,0.0,2;4
539,4,D4,TES_L3,TES_PIXEL,14.14214,0.0,14.14214,0.90852,0.0,3;4;5
540,4,D4,TES_L3,TES_PIXEL,14.14214,0.0,14.14214,8.32662,0.0,3;5;6;8
541,4,D4,TES_L3,TES_PIXEL,7.77817,0.0,7.77817,8.32705,0.0,3;4;5;6;7
542,4,D4,TES_L3,TES_PIXEL,7.77817,0.0,7.77817,154.0534,0.0,11;12
542,4,D4,TES_L3,TES_PIXEL,14.14214,0.0,14.14214,552.22975,0.0,2;4;9;10;14;15;16
543,4,D4,TES_L3,TES_PIXEL,7.77817,0.0,7.77817,464.99908,0.0,2;4;6
544,4,D4,TES_L3,TES_PIXEL,7.77817,0.0,7.77817,8.32629,0.0,3;4;5
545,4,D4,TES_L3,TES_PIXEL,14.14214,0.0,14.14214,8.3264,0.0,3;5;6;8
546,4,D4,TES_L3,TES_PIXEL,14.14214,0.0,14.14214,8.32771,0.0,3;4;5;6;7
547,4,D4,TES_L3,TES_PIXEL,3.53553,0.0,3.53553,119.38622,0.0,10;11;12
547,4,D4,TES_L3,TES_PIXEL,7.77817,0.0,7.77817,448.48413,0.0,2;4;8;9
548,4,D4,TES_L3,TES_PIXEL,13.43503,0.0,13.43503,8.32577,0.0,3;5;6;8
549,4,D4,TES_L3,TES_PIXEL,-3.90144,-7.48008,-2.82366,8.32625,0.0,3;5;6;8
550,4,D4,TES_L3,TES_PIXEL,3.53553,0.0,3.53553,227.08242,0.0,2;4
551,4,D4,TES_L3,TES_PIXEL,14.14214,0.0,14.14214,45.70821,0.0,2;4
552,4,D4,TES_L3,TES_PIXEL,0.0,0.0,0.0,8.32563,0.0,3;4;5;6
553,4,D4,TES_L3,TES_PIXEL,14.14214,0.0,14.14214,514.8477,0.0,2;4;8;9;12
554,4,D4,TES_L3,TES_PIXEL,14.14214,0.0,14.14214,41.97806,0.0,2;4
555,4,D4,TES_L3,TES_PIXEL,3.53553,0.0,3.53553,8.32515,0.0,3;4;5;6;7
556,4,D4,TES_L3,TES_PIXEL,7.77817,0.0,7.77817,84.21281,0.0,2;4
557,4,D4,TES_L3,TES_PIXEL,14.14214,0.0,14.14214,128.90636,0.0,2;4
558,4,D4,TES_L3,TES_PIXEL,14.14214,0.0,14.14214,374.15095,0.0,2;4;6;7;8
559,4,D4,TES_L3,TES_PIXEL,-6.92965,0.0,-6.92965,110.7299,0.0,2;4
560,4,D4,TES_L3,TES_PIXEL,14.14214,0.0,14.14214,189.92102,0.0,2;4
561,4,D4,TES_L3,TES_PIXEL,3.53553,0.0,3.53553,380.80843,0.0,2;4
562,4,D4,TES_L3,TES_PIXEL,0.0,0.0,0.0,0.10181,0.0,3;4
563,4,D4,TES_L3,TES_PIXEL,14.14214,0.0,14.14214,547.27271,0.0,2;4;8;9
563,4,D4,TES_L3,TES_PIXEL,6.75032,14.5973,-1.80058,149.90539,0.0,10;12;13;14;15;16
564,4,D4,TES_L3,TES_PIXEL,6.92965,0.0,6.92965,217.01671,0.0,2;4
565,4,D4,TES_L3,TES_PIXEL,7.77817,0.0,7.77817,8.32771,0.0,3;4;5;6;7
566,4,D4,TES_L3,TES_PIXEL,-6.92965,0.0,-6.92965,408.95353,0.0,2;4
567,4,D4,TES_L3,TES_PIXEL,14.14214,0.0,14.14214,8.3263,0.0,3;5;7
568,4,D4,TES_L3,TES_PIXEL,14.14214,0.0,14.14214,8.32899,0.0,3;4;5;6
569,4,D4,TES_L3,TES_PIXEL,3.53553,0.0,3.53553,155.13085,0.0,11;12;13;14;15;16;17;18
569,4,D4,TES_L3,TES_PIXEL,7.77817,0.0,7.77817,139.9484,0.0,10
569,4,D4,TES_L3,TES_PIXEL,6.92965,0.0,6.92965,295.76327,0.0,2;4;8;9
570,4,D4,TES_L3,TES_PIXEL,3.53553,0.0,3.53553,256.51622,0.0,2;4
571,4,D4,TES_L3,TES_PIXEL,14.14214,0.0,14.14214,8.32649,0.0,3;4;5;6
572,4,D4,TES_L3,TES_PIXEL,-6.61216,0.0,4.06516,156.73574,0.0,2;4
573,4,D4,TES_L3,TES_PIXEL,14.14214,0.0,14.14214,8.32658,0.0,3;5;6;8
574,4,D4,TES_L3,TES_PIXEL,14.14214,0.0,14.14214,151.7344,0.0,2;4;6
575,4,D4,TES_L3,TES_PIXEL,7.77817,0.0,7.77817,509.12936,0.0,2;4
576,4,D4,TES_L3,TES_PIXEL,7.77817,0.0,7.77817,169.18864,0.0,2;4
577,4,D4,TES_L3,TES_PIXEL,7.77817,0.0,7.77817,363.59375,0.0,2;4
577,4,D4,TES_L3,TES_PIXEL,-15.06067,0.0,1.2735,39.64844,0.0,10
577,4,D4,TES_L3,TES_PIXEL,-16.6163,0.0,1.98061,185.83889,0.0,9
577,4,D4,TES_L3,TES_PIXEL,2.79236,0.0,21.38927,59.63091,0.0,14
577,4,D4,TES_L3,TES_PIXEL,-18.05319,-6.12293,2.85181,105.48797,0.0,11;12;13
577,4,D4,TES_L3,TES_PIXEL,-10.91283,-6.12293,9.99218,180.02362,0.0,8
578,4,D4,TES_L3,TES_PIXEL,14.14214,0.0,14.14214,8.32591,0.0,3;5;7
579,4,D4,TES_L3,TES_PIXEL,7.77817,0.0,7.77817,8.32876,0.0,3;4;5;6
580,4,D4,TES_L3,TES_PIXEL,7.77817,0.0,7.77817,0.10382,0.0,3;4
581,4,D4,TES_L3,TES_PIXEL,-3.50089,0.0,8.73206,79.49548,0.0,15;16
581,4,D4,TES_L3,TES_PIXEL,2.79236,0.0,21.38927,28.6095,0.0,19;20;21;22
581,4,D4,TES_L3,TES_PIXEL,-10.91283,-6.12293,9.99218,107.32644,0.0,17;18;23
581,4,D4,TES_L3,TES_PIXEL,6.06844,-6.12293,-14.83657,99.83682,0.0,11;12;13
581,4,D4,TES_L3,TES_PIXEL,-6.61216,0.0,4.06516,117.4755,0.0,9;10
581,4,D4,TES_L3,TES_PIXEL,-3.90144,-7.48008,-2.82366,829.47201,0.0,2;4;8;14
582,4,D4,TES_L3,TES_PIXEL,7.77817,0.0,7.77817,129.6776,0.0,12
582,4,D4,TES_L3,TES_PIXEL,14.14214,0.0,14.14214,594.74401,0.0,2;4;8;10;11;14
583,4,D4,TES_L3,TES_PIXEL,14.14214,0.0,14.14214,258.65269,0.0,2;4;5
584,4,D4,TES_L3,TES_PIXEL,14.14214,0.0,14.14214,430.81167,0.0,2;4
585,4,D4,TES_L3,TES_PIXEL,-8.87419,0.0,-8.87419,14.71022,0.0,10
585,4,D4,TES_L3,TES_PIXEL,-10.11163,0.0,-10.11163,117.04969,0.0,11;13;14;15
585,4,D4,TES_L3,TES_PIXEL,6.75032,14.5973,-1.80058,362.05228,0.0,16;17;18;19
585,4,D4,TES_L3,TES_PIXEL,-7.63675,0.0,15.55635,148.94663,0.0,18
585,4,D4,TES_L3,TES_PIXEL,-0.61872,0.0,-0.58336,379.239,0.0,8;9
585,4,D4,TES_L3,TES_PIXEL,-3.90144,-7.48008,-2.82366,130.97178,0.0,2;4;20
586,4,D4,TES_L3,TES_PIXEL,14.14214,0.0,14.14214,8.32405,0.0,3;4;5;6
587,4,D4,TES_L3,TES_PIXEL,14.14214,0.0,14.14214,8.31873,0.0,3;5;6;9;12
588,4,D4,TES_L3,TES_PIXEL,3.53553,0.0,3.53553,242.93295,0.0,2;4
589,4,D4,TES_L3,TES_PIXEL,3.53553,0.0,3.53553,8.32473,0.0,3;4;5;6
590,4,D4,TES_L3,TES_PIXEL,6.92965,0.0,6.92965,22.63142,0.0,2;4
591,4,D4,TES_L3,TES_PIXEL,-1.25865,0.0,-6.09526,8.32554,0.0,3;4;5;6
592,4,D4,TES_L3,TES_PIXEL,14.14214,0.0,14.14214,96.55147,0.0,2;4
593,4,D4,TES_L3,TES_PIXEL,0.8556,0.0,0.8556,8.32655,0.0,3;4;5;6
594,4,D4,TES_L3,TES_PIXEL,14.14214,0.0,14.14214,8.32524,0.0,3;4;5
595,4,D4,TES_L3,TES_PIXEL,-6.61216,0.0,4.06516,11.65352,0.0,2;4
596,4,D4,TES_L3,TES_PIXEL,14.14214,0.0,14.14214,8.32353,0.0,3;4;5
597,4,D4,TES_L3,TES_PIXEL,7.77817,0.0,7.77817,8.32606,0.0,3;4;5;6
598,4,D4,TES_L3,TES_PIXEL,3.53553,0.0,3.53553,8.32454,0.0,3;4;5;6
599,4,D4,TES_L3,TES_PIXEL,-11.27765,0.0,-0.60033,8.32543,0.0,3;4;5;6;7
600,4,D4,TES_L3,TES_PIXEL,7.77817,0.0,7.77817,0.89118,0.0,3;4;5
601,4,D4,TES_L3,TES_PIXEL,7.77817,0.0,7.77817,8.3267,0.0,3;4;5;6
602,4,D4,TES_L3,TES_PIXEL,14.14214,0.0,14.14214,375.58432,0.0,2;4
603,4,D4,TES_L3,TES_PIXEL,3.53553,0.0,3.53553,74.01316,0.0,2;4
604,4,D4,TES_L3,TES_PIXEL,-8.16708,0.0,-8.16708,4.55556,0.0,19
604,4,D4,TES_L3,TES_PIXEL,-8.87419,0.0,-8.87419,5.58858,0.0,10;11;16
604,4,D4,TES_L3,TES_PIXEL,-10.11163,0.0,-10.11163,406.27895,0.0,12;13;14;15;20;21;23
604,4,D4,TES_L3,TES_PIXEL,-0.68943,0.0,-0.86621,70.4152,0.0,25
604,4,D4,TES_L3,TES_PIXEL,-0.61872,0.0,-0.58336,332.14626,0.0,8;9
604,4,D4,TES_L3,TES_PIXEL,-6.92965,0.0,-6.92965,375.42714,0.0,2;4;17
605,4,D4,TES_L3,TES_PIXEL,-11.27765,0.0,-0.60033,8.32855,0.0,3;4;5;6
606,4,D4,TES_L3,TES_PIXEL,0.0,0.0,0.0,876.56979,0.0,2;4;8;9;11;12;14;15;16
606,4,D4,TES_L3,TES_PIXEL,-3.50089,0.0,8.73206,108.39457,0.0,13
607,4,D4,TES_L3,TES_PIXEL,7.77817,0.0,7.77817,386.36911,0.0,9;10;11
607,4,D4,TES_L3,TES_PIXEL,14.14214,0.0,14.14214,70.06495,0.0,2;4
607,4,D4,TES_L3,TES_PIXEL,-1.30885,0.0,12.90399,124.6298,0.0,12
608,4,D4,TES_L3,TES_PIXEL,0.0,0.0,0.0,760.04019,0.0,2;4;8;14;19
608,4,D4,TES_L3,TES_PIXEL,-9.79343,0.0,-9.79343,116.93994,0.0,17
608,4,D4,TES_L3,TES_PIXEL,-10.11163,0.0,-10.11163,94.90777,0.0,16
608,4,D4,TES_L3,TES_PIXEL,6.06844,6.12293,-14.83657,167.79825,0.0,11;12;13
608,4,D4,TES_L3,TES_PIXEL,-0.68943,0.0,-0.86621,69.23459,0.0,9;18
608,4,D4,TES_L3,TES_PIXEL,1.6617,0.0,-4.56084,23.39672,0.0,10
609,4,D4,TES_L3,TES_PIXEL,-6.92965,0.0,-6.92965,58.27365,0.0,2;4
610,4,D4,TES_L3,TES_PIXEL,7.5269,4.32824,3.0797,8.32794,0.0,3;4;5;6
611,4,D4,TES_L3,TES_PIXEL,0.0,0.0,0.0,8.32571,0.0,3;5;6;8
612,4,D4,TES_L3,TES_PIXEL,14.14214,0.0,14.14214,121.11374,0.0,2;4
613,4,D4,TES_L3,TES_PIXEL,0.0,0.0,0.0,8.32845,0.0,3;4;5;6
614,4,D4,TES_L3,TES_PIXEL,14.14214,0.0,14.14214,203.79232,0.0,2;4
615,4,D4,TES_L3,TES_PIXEL,14.14214,0.0,14.14214,61.47434,0.0,2;4
616,4,D4,TES_L3,TES_PIXEL,14.14214,0.0,14.14214,127.17523,0.0,2;4
617,4,D4,TES_L3,TES_PIXEL,7.77817,0.0,7.77817,8.32649,0.0,3;5;6;8
618,4,D4,TES_L3,TES_PIXEL,7.77817,0.0,7.77817,8.32677,0.0,3;4;5;6
619,4,D4,TES_L3,TES_PIXEL,0.8556,0.0,0.8556,8.32575,0.0,3;4;5;6
620,4,D4,TES_L3,TES_PIXEL,3.53553,0.0,3.53553,8.3255,0.0,3;5;6;8
621,4,D4,TES_L3,TES_PIXEL,3.53553,0.0,3.53553,8.32362,0.0,3;4;5;6
622,4,D4,TES_L3,TES_PIXEL,14.14214,0.0,14.14214,8.32639,0.0,3;5;6;8
623,4,D4,TES_L3,TES_PIXEL,-3.90144,-7.48008,-2.82366,104.41882,0.0,2;4
624,4,D4,TES_L3,TES_PIXEL,0.0,0.0,0.0,25.17385,0.0,11
624,4,D4,TES_L3,TES_PIXEL,3.53553,0.0,3.53553,683.11087,0.0,2;4;10;14
624,4,D4,TES_L3,TES_PIXEL,-3.50089,0.0,8.73206,48.07038,0.0,8
624,4,D4,TES_L3,TES_PIXEL,-6.92965,0.0,-6.92965,96.82344,0.0,12
624,4,D4,TES_L3,TES_PIXEL,-11.27765,0.0,-0.60033,122.58041,0.0,13
625,4,D4,TES_L3,TES_PIXEL,13.43503,0.0,13.43503,1.02986,0.0,3;4;5
626,4,D4,TES_L3,TES_PIXEL,14.14214,0.0,14.14214,8.32779,0.0,3;4;5;6
627,4,D4,TES_L3,TES_PIXEL,14.14214,0.0,14.14214,8.32828,0.0,3;4;5;6
628,4,D4,TES_L3,TES_PIXEL,-3.90144,-7.48008,-2.82366,87.7109,0.0,2;4
629,4,D4,TES_L3,TES_PIXEL,14.14214,0.0,14.14214,276.37839,0.0,2;4
629,4,D4,TES_L3,TES_PIXEL,12.79672,6.0464,-7.84697,510.99891,0.0,9;10;11;12
630,4,D4,TES_L3,TES_PIXEL,0.0,0.0,0.0,46.78235,0.0,2;4
631,4,D4,TES_L3,TES_PIXEL,14.14214,0.0,14.14214,275.52823,0.0,2;4;5
632,4,D4,TES_L3,TES_PIXEL,7.5269,4.32824,3.0797,8.32583,0.0,3;5;7
633,4,D4,TES_L3,TES_PIXEL,-11.27765,0.0,-0.60033,8.32517,0.0,3;5;6;8
634,4,D4,TES_L3,TES_PIXEL,14.14214,0.0,14.14214,10.91995,0.0,2;4
635,4,D4,TES_L3,TES_PIXEL,14.14214,0.0,14.14214,0.89111,0.0,3;4;5
636,4,D4,TES_L3,TES_PIXEL,14.14214,0.0,14.14214,13.66602,0.0,2;4
637,4,D4,TES_L3,TES_PIXEL,14.14214,0.0,14.14214,267.68998,0.0,2;4
638,4,D4,TES_L3,TES_PIXEL,3.53553,0.0,3.53553,198.68532,0.0,2;4
639,4,D4,TES_L3,TES_PIXEL,7.77817,0.0,7.77817,8.326,0.0,3;5;6;8
640,4,D4,TES_L3,TES_PIXEL,0.0,0.0,0.0,48.83076,0.0,2;4
640,4,D4,TES_L3,TES_PIXEL,-1.30885,0.0,12.90399,5.61401,0.0,18
640,4,D4,TES_L3,TES_PIXEL,2.79236,0.0,21.38927,324.60557,0.0,17
640,4,D4,TES_L3,TES_PIXEL,-10.11163,0.0,-10.11163,143.16007,0.0,14;15;16
640,4,D4,TES_L3,TES_PIXEL,-1.80058,-14.5973,6.75032,180.77933,0.0,19;20;21
640,4,D4,TES_L3,TES_PIXEL,-6.61216,0.0,4.06516,367.83884,0.0,8;10;11;24;25
641,4,D4,TES_L3,TES_PIXEL,7.77817,0.0,7.77817,91.80999,0.0,2;4
642,4,D4,TES_L3,TES_PIXEL,14.14214,0.0,14.14214,8.32626,0.0,3;5;7
643,4,D4,TES_L3,TES_PIXEL,7.77817,0.0,7.77817,90.50024,0.0,2;4
644,4,D4,TES_L3,TES_PIXEL,7.77817,0.0,7.77817,0.88999,0.0,3;4;5
645,4,D4,TES_L3,TES_PIXEL,7.77817,0.0,7.77817,605.17829,0.0,2;4;8;10;11;12;13
646,4,D4,TES_L3,TES_PIXEL,7.77817,0.0,7.77817,0.14207,0.0,3;4
647,4,D4,TES_L3,TES_PIXEL,6.92965,0.0,6.92965,8.32572,0.0,3;5;6;8
648,4,D4,TES_L3,TES_PIXEL,14.14214,0.0,14.14214,8.32768,0.0,3;4;5;6
649,4,D4,TES_L3,TES_PIXEL,14.14214,0.0,14.14214,134.70415,0.0,2;4
650,4,D4,TES_L3,TES_PIXEL,14.14214,0.0,14.14214,8.32424,0.0,3;4;5
651,4,D4,TES_L3,TES_PIXEL,21.093,9.31843,13.48453,8.32646,0.0,3;5;6;8
652,4,D4,TES_L3,TES_PIXEL,14.14214,0.0,14.14214,209.28569,0.0,2;4
653,4,D4,TES_L3,TES_PIXEL,7.77817,0.0,7.77817,435.53221,0.0,2;4;8
653,4,D4,TES_L3,TES_PIXEL,14.14214,0.0,14.14214,132.88117,0.0,12;13;14
653,4,D4,TES_L3,TES_PIXEL,-1.30885,0.0,12.90399,36.81178,0.0,9
653,4,D4,TES_L3,TES_PIXEL,21.093,9.31843,13.48453,136.46278,0.0,10;11
654,4,D4,TES_L3,TES_PIXEL,7.5269,4.32824,3.0797,221.76628,0.0,2;4
655,4,D4,TES_L3,TES_PIXEL,14.23406,8.0194,7.68625,8.32598,0.0,3;5;6;8
656,4,D4,TES_L3,TES_PIXEL,14.14214,0.0,14.14214,41.555,0.0,2;4
657,4,D4,TES_L3,TES_PIXEL,14.14214,0.0,14.14214,273.05938,0.0,2;4
658,4,D4,TES_L3,TES_PIXEL,14.14214,0.0,14.14214,327.76593,0.0,2;4
659,4,D4,TES_L3,TES_PIXEL,3.53553,0.0,3.53553,252.57282,0.0,2;4
660,4,D4,TES_L3,TES_PIXEL,21.093,9.31843,13.48453,8.32352,0.0,3;4;5;6
661,4,D4,TES_L3,TES_PIXEL,3.99137,4.32824,-0.45584,8.32783,0.0,3;4;5
662,4,D4,TES_L3,TES_PIXEL,7.77817,0.0,7.77817,85.59422,0.0,2;4
663,4,D4,TES_L3,TES_PIXEL,14.14214,0.0,14.14214,8.32741,0.0,3;4;5;6
664,4,D4,TES_L3,TES_PIXEL,14.14214,0.0,14.14214,67.93244,0.0,2;4
664,4,D4,TES_L3,TES_PIXEL,20.5061,0.0,20.5061,477.00777,0.0,2;8;12
664,4,D4,TES_L3,TES_PIXEL,26.87006,0.0,26.87006,256.52798,0.0,9
665,4,D4,TES_L3,TES_PIXEL,3.53553,0.0,3.53553,373.72343,0.0,2;4
666,4,D4,TES_L3,TES_PIXEL,7.77817,0.0,7.77817,8.32563,0.0,3;5;6;8
667,4,D4,TES_L3,TES_PIXEL,14.14214,0.0,14.14214,8.32665,0.0,3;4;5;6
668,4,D4,TES_L3,TES_PIXEL,14.14214,0.0,14.14214,8.13709,0.0,2;4
669,4,D4,TES_L3,TES_PIXEL,14.14214,0.0,14.14214,8.3266,0.0,3;5;6;8
670,4,D4,TES_L3,TES_PIXEL,3.53553,0.0,3.53553,8.32579,0.0,3;5;6;8
671,4,D4,TES_L3,TES_PIXEL,7.77817,0.0,7.77817,264.00261,0.0,2;4
672,4,D4,TES_L3,TES_PIXEL,3.53553,0.0,3.53553,219.64704,0.0,2;4
673,4,D4,TES_L3,TES_PIXEL,14.14214,0.0,14.14214,8.31904,0.0,3;4;5;6;9
673,4,D4,TES_L3,TES_PIXEL,26.87006,0.0,26.87006,918.31365,0.0,10;11
674,4,D4,TES_L3,TES_PIXEL,14.14214,0.0,14.14214,44.35364,0.0,2;4
675,4,D4,TES_L3,TES_PIXEL,14.14214,0.0,14.14214,8.32614,0.0,3;5;7
676,4,D4,TES_L3,TES_PIXEL,0.0,0.0,0.0,299.07128,0.0,2;4
677,4,D4,TES_L3,TES_PIXEL,7.77817,0.0,7.77817,274.12893,0.0,2;4
678,4,D4,TES_L3,TES_PIXEL,13.43503,0.0,13.43503,8.32606,0.0,3;5;6;8
679,4,D4,TES_L3,TES_PIXEL,7.77817,0.0,7.77817,300.84561,0.0,2;4
680,4,D4,TES_L3,TES_PIXEL,7.77817,0.0,7.77817,56.81734,0.0,2;4
681,4,D4,TES_L3,TES_PIXEL,-6.92965,0.0,-6.92965,8.32572,0.0,3;5;6;8
682,4,D4,TES_L3,TES_PIXEL,7.77817,0.0,7.77817,8.32654,0.0,3;4;5;6
683,4,D4,TES_L3,TES_PIXEL,-6.61216,0.0,4.06516,300.23676,0.0,2;4
684,4,D4,TES_L3,TES_PIXEL,0.0,0.0,0.0,341.56369,0.0,10;11;12
684,4,D4,TES_L3,TES_PIXEL,3.53553,0.0,3.53553,343.18351,0.0,2;4;13;14
684,4,D4,TES_L3,TES_PIXEL,14.14214,0.0,14.14214,33.16019,0.0,8
685,4,D4,TES_L3,TES_PIXEL,14.14214,0.0,14.14214,380.14076,0.0,2;4
686,4,D4,TES_L3,TES_PIXEL,13.43503,0.0,13.43503,155.99457,0.0,2;4
687,4,D4,TES_L3,TES_PIXEL,14.14214,0.0,14.14214,8.32577,0.0,3;4;5;6
688,4,D4,TES_L3,TES_PIXEL,14.14214,0.0,14.14214,8.32512,0.0,3;4;5
689,4,D4,TES_L3,TES_PIXEL,14.14214,0.0,14.14214,8.32464,0.0,3;4;5;6
690,4,D4,TES_L3,TES_PIXEL,14.14214,0.0,14.14214,8.32553,0.0,3;4;5;6
691,4,D4,TES_L3,TES_PIXEL,14.14214,0.0,14.14214,182.52455,0.0,2;4
692,4,D4,TES_L3,TES_PIXEL,7.77817,0.0,7.77817,8.32639,0.0,3;5;6;8
693,4,D4,TES_L3,TES_PIXEL,0.0,0.0,0.0,87.72648,0.0,2;4
694,4,D4,TES_L3,TES_PIXEL,14.14214,0.0,14.14214,8.32619,0.0,3;5;7
695,4,D4,TES_L3,TES_PIXEL,7.77817,0.0,7.77817,223.56064,0.0,8;9;10;11;13
695,4,D4,TES_L3,TES_PIXEL,6.92965,0.0,6.92965,107.86995,0.0,2;4
695,4,D4,TES_L3,TES_PIXEL,-0.68943,0.0,-0.86621,269.26794,0.0,14;15;16
695,4,D4,TES_L3,TES_PIXEL,-0.61872,0.0,-0.58336,241.73097,0.0,14
696,4,D4,TES_L3,TES_PIXEL,14.14214,0.0,14.14214,2.28062,0.0,2;4
697,4,D4,TES_L3,TES_PIXEL,3.53553,0.0,3.53553,13.14395,0.0,2;4
698,4,D4,TES_L3,TES_PIXEL,14.14214,0.0,14.14214,8.32687,0.0,3;4;5;6
699,4,D4,TES_L3,TES_PIXEL,7.77817,0.0,7.77817,8.32701,0.0,3;4;5;7;9
700,4,D4,TES_L3,TES_PIXEL,-6.92965,0.0,-6.92965,47.86848,0.0,2;4
700,4,D4,TES_L3,TES_PIXEL,-11.27765,0.0,-0.60033,266.69355,0.0,2
701,4,D4,TES_L3,TES_PIXEL,14.14214,0.0,14.14214,97.2351,0.0,2;4;6
702,4,D4,TES_L3,TES_PIXEL,14.14214,0.0,14.14214,0.90805,0.0,3;4;5
703,4,D4,TES_L3,TES_PIXEL,14.14214,0.0,14.14214,8.32353,0.0,3;4;5;6
704,4,D4,TES_L3,TES_PIXEL,7.77817,0.0,7.77817,8.32607,0.0,3;4;5
705,4,D4,TES_L3,TES_PIXEL,14.14214,0.0,14.14214,8.32664,0.0,3;4;5
706,4,D4,TES_L3,TES_PIXEL,14.14214,0.0,14.14214,8.32556,0.0,3;4;5;6
707,4,D4,TES_L3,TES_PIXEL,14.14214,0.0,14.14214,674.1372,0.0,2;4;8;9;13;14;15
707,4,D4,TES_L3,TES_PIXEL,2.79236,0.0,21.38927,335.52563,0.0,11;12
707,4,D4,TES_L3,TES_PIXEL,6.7104,7.16252,15.20991,191.30174,0.0,10
708,4,D4,TES_L3,TES_PIXEL,3.53553,0.0,3.53553,0.14188,0.0,3;4
709,4,D4,TES_L3,TES_PIXEL,7.77817,0.0,7.77817,0.14198,0.0,3;4
710,4,D4,TES_L3,TES_PIXEL,14.14214,0.0,14.14214,8.32631,0.0,3;4;5;6;7
711,4,D4,TES_L3,TES_PIXEL,7.77817,0.0,7.77817,8.32503,0.0,3;4;5;6;7
712,4,D4,TES_L3,TES_PIXEL,7.77817,0.0,7.77817,66.84359,0.0,2;4
713,4,D4,TES_L3,TES_PIXEL,-3.90144,-7.48008,-2.82366,8.32667,0.0,3;4;5;6
714,4,D4,TES_L3,TES_PIXEL,7.77817,0.0,7.77817,4.53441,0.0,2;4
715,4,D4,TES_L3,TES_PIXEL,14.14214,0.0,14.14214,8.32644,0.0,3;4;5;6
716,4,D4,TES_L3,TES_PIXEL,7.77817,0.0,7.77817,24.68645,0.0,2;4
717,4,D4,TES_L3,TES_PIXEL,7.77817,0.0,7.77817,8.3258,0.0,3;5;6;8
718,4,D4,TES_L3,TES_PIXEL,14.14214,0.0,14.14214,221.44393,0.0,2;4
719,4,D4,TES_L3,TES_PIXEL,7.77817,0.0,7.77817,10.76361,0.0,2;4
720,4,D4,TES_L3,TES_PIXEL,3.53553,0.0,3.53553,198.1277,0.0,2;4
721,4,D4,TES_L3,TES_PIXEL,7.77817,0.0,7.77817,339.98146,0.0,2;4
722,4,D4,TES_L3,TES_PIXEL,14.14214,0.0,14.14214,80.8874,0.0,2;4
723,4,D4,TES_L3,TES_PIXEL,7.77817,0.0,7.77817,280.83059,0.0,2;4;8
723,4,D4,TES_L3,TES_PIXEL,-1.30885,0.0,12.90399,141.53151,0.0,9
723,4,D4,TES_L3,TES_PIXEL,0.79479,0.0,17.12895,143.48091,0.0,10;11
723,4,D4,TES_L3,TES_PIXEL,2.79236,0.0,21.38927,78.2695,0.0,12;15;16
724,4,D4,TES_L3,TES_PIXEL,3.53553,0.0,3.53553,181.60553,0.0,2;4
725,4,D4,TES_L3,TES_PIXEL,0.0,0.0,0.0,8.32763,0.0,3;4;5;6
726,4,D4,TES_L3,TES_PIXEL,7.51655,5.42132,3.09006,8.32791,0.0,3;4;5;6;7
727,4,D4,TES_L3,TES_PIXEL,14.14214,0.0,14.14214,8.32621,0.0,3;5;7
728,4,D4,TES_L3,TES_PIXEL,14.14214,0.0,14.14214,8.32613,0.0,3;4;5;6
729,4,D4,TES_L3,TES_PIXEL,14.14214,0.0,14.14214,207.46297,0.0,2;4
730,4,D4,TES_L3,TES_PIXEL,0.8556,0.0,0.8556,8.32789,0.0,3;4;5;6
731,4,D4,TES_L3,TES_PIXEL,-3.90144,-7.48008,-2.82366,253.03019,0.0,2;4
732,4,D4,TES_L3,TES_PIXEL,3.53553,0.0,3.53553,369.13453,0.0,2;4
733,4,D4,TES_L3,TES_PIXEL,7.5269,4.32824,3.0797,8.32767,0.0,3;4;5;6;7
734,4,D4,TES_L3,TES_PIXEL,14.14214,0.0,14.14214,15.61646,0.0,2;4
734,4,D4,TES_L3,TES_PIXEL,26.87006,0.0,26.87006,226.29735,0.0,11;13
734,4,D4,TES_L3,TES_PIXEL,0.79479,0.0,17.12895,277.47082,0.0,8
734,4,D4,TES_L3,TES_PIXEL,2.79236,0.0,21.38927,16.4531,0.0,9
735,4,D4,TES_L3,TES_PIXEL,0.0,0.0,0.0,8.3259,0.0,3;4;5;6
736,4,D4,TES_L3,TES_PIXEL,14.23406,8.0194,7.68625,8.32654,0.0,3;4;5;6
737,4,D4,TES_L3,TES_PIXEL,7.77817,0.0,7.77817,8.32377,0.0,3;4;5;6;7
738,4,D4,TES_L3,TES_PIXEL,14.14214,0.0,14.14214,158.72962,0.0,2;4;10
738,4,D4,TES_L3,TES_PIXEL,20.5061,0.0,20.5061,40.55389,0.0,8
738,4,D4,TES_L3,TES_PIXEL,2.79236,0.0,21.38927,377.92459,0.0,11;12;13;14;15
738,4,D4,TES_L3,TES_PIXEL,-7.84697,-6.0464,12.79672,92.33634,0.0,17;18;19;20
739,4,D4,TES_L3,TES_PIXEL,0.0,0.0,0.0,35.72517,0.0,2;4
740,4,D4,TES_L3,TES_PIXEL,21.093,9.31843,13.48453,8.32627,0.0,3;5;7
741,4,D4,TES_L3,TES_PIXEL,14.14214,0.0,14.14214,8.32598,0.0,3;4;5;6;7
742,4,D4,TES_L3,TES_PIXEL,14.14214,0.0,14.14214,8.32553,0.0,3;5;6;8
743,4,D4,TES_L3,TES_PIXEL,14.14214,0.0,14.14214,8.32607,0.0,3;5;6;8
744,4,D4,TES_L3,TES_PIXEL,-6.61216,0.0,4.06516,8.32662,0.0,3;5;6;8
745,4,D4,TES_L3,TES_PIXEL,14.14214,0.0,14.14214,8.32815,0.0,3;4;5;6
746,4,D4,TES_L3,TES_PIXEL,7.77817,0.0,7.77817,344.5393,0.0,2;4
747,4,D4,TES_L3,TES_PIXEL,14.14214,0.0,14.14214,8.32613,0.0,3;5;6;8
748,4,D4,TES_L3,TES_PIXEL,3.53553,0.0,3.53553,236.24982,0.0,2;4
749,4,D4,TES_L3,TES_PIXEL,3.53553,0.0,3.53553,242.61925,0.0,11
749,4,D4,TES_L3,TES_PIXEL,7.77817,0.0,7.77817,33.59651,0.0,8
749,4,D4,TES_L3,TES_PIXEL,6.92965,0.0,6.92965,510.0513,0.0,2;4;10;13
750,4,D4,TES_L3,TES_PIXEL,7.77817,0.0,7.77817,481.28254,0.0,2;4;10;14
750,4,D4,TES_L3,TES_PIXEL,14.14214,0.0,14.14214,6.06217,0.0,11
750,4,D4,TES_L3,TES_PIXEL,0.79479,0.0,17.12895,187.1422,0.0,12;13
750,4,D4,TES_L3,TES_PIXEL,13.43503,0.0,13.43503,304.3322,0.0,8
750,4,D4,TES_L3,TES_PIXEL,14.23406,8.0194,7.68625,206.66671,0.0,9
