event_id,parent_Z,parent_A,parent_isomer,particle_code,kinetic_energy_keV,time_s,dir_x,dir_y,dir_z,x_cm,y_cm,z_cm,weight,track_generation,iprod,iaztrk
1,11,24,0,3,4.68655103E+02,2.59466140E+03,5.98768560E-01,-6.60174555E-01,4.53481827E-01,5.98768560E-01,-6.60174555E-01,4.53481827E-01,1.00000000E+00,2,2,11024
1,11,24,0,7,2.75400700E+03,2.59466140E+03,-3.28551610E-01,-2.89201824E-01,-8.99119650E-01,-3.28551610E-01,-2.89201824E-01,-8.99119650E-01,1.00000000E+00,2,2,11024
1,11,24,0,7,1.36862602E+03,2.59466140E+03,6.40115657E-01,-7.40661871E-01,-2.04137056E-01,6.40115657E-01,-7.40661871E-01,-2.04137056E-01,1.00000000E+00,2,2,11024
2,11,24,0,3,6.27200224E+02,1.36612969E+04,-2.65307362E-01,3.10448527E-01,9.12816365E-01,-2.65307362E-01,3.10448527E-01,9.12816365E-01,1.00000000E+00,2,2,11024
2,11,24,0,7,2.75400700E+03,1.36612969E+04,3.56258037E-02,1.18646582E-01,-9.92297229E-01,3.56258037E-02,1.18646582E-01,-9.92297229E-01,1.00000000E+00,2,2,11024
2,11,24,0,7,1.36862602E+03,1.36612969E+04,-3.76590798E-01,-9.25266672E-01,4.53977670E-02,-3.76590798E-01,-9.25266672E-01,4.53977670E-02,1.00000000E+00,2,2,11024
3,11,24,0,3,6.95374207E+02,4.07128443E+02,-6.23581709E-01,7.78311525E-01,7.33281886E-02,-6.23581709E-01,7.78311525E-01,7.33281886E-02,1.00000000E+00,2,2,11024
3,11,24,0,7,2.75400700E+03,4.07128443E+02,3.41338584E-01,4.52112810E-01,-8.24064305E-01,3.41338584E-01,4.52112810E-01,-8.24064305E-01,1.00000000E+00,2,2,11024
3,11,24,0,7,1.36862602E+03,4.07128443E+02,2.05020220E-02,7.53147422E-01,6.57532226E-01,2.05020220E-02,7.53147422E-01,6.57532226E-01,1.00000000E+00,2,2,11024
4,11,24,0,3,2.23727391E+02,1.24971504E+04,-9.18060251E-01,-3.70471595E-01,-1.41124673E-01,-9.18060251E-01,-3.70471595E-01,-1.41124673E-01,1.00000000E+00,2,2,11024
4,11,24,0,7,2.75400700E+03,1.24971504E+04,-8.29812849E-01,3.87680868E-01,-4.01390309E-01,-8.29812849E-01,3.87680868E-01,-4.01390309E-01,1.00000000E+00,2,2,11024
4,11,24,0,7,1.36862602E+03,1.24971504E+04,5.59236393E-01,-2.53823185E-01,-7.89194810E-01,5.59236393E-01,-2.53823185E-01,-7.89194810E-01,1.00000000E+00,2,2,11024
5,11,24,0,3,1.18024779E+02,1.58449602E+05,9.04240901E-01,-3.27119679E-01,2.74483346E-01,9.04240901E-01,-3.27119679E-01,2.74483346E-01,1.00000000E+00,2,2,11024
5,11,24,0,7,2.75400700E+03,1.58449602E+05,-7.66314843E-01,4.55608953E-01,-4.52970245E-01,-7.66314843E-01,4.55608953E-01,-4.52970245E-01,1.00000000E+00,2,2,11024
5,11,24,0,7,1.36862602E+03,1.58449602E+05,-2.63499370E-01,-7.03932684E-01,6.59580820E-01,-2.63499370E-01,-7.03932684E-01,6.59580820E-01,1.00000000E+00,2,2,11024
6,11,24,0,3,4.77059700E+02,1.10403442E+05,7.31468200E-01,-2.74475838E-01,6.24193309E-01,7.31468200E-01,-2.74475838E-01,6.24193309E-01,1.00000000E+00,2,2,11024
6,11,24,0,7,2.75400700E+03,1.10403442E+05,-2.90738287E-01,5.53957811E-01,7.80129471E-01,-2.90738287E-01,5.53957811E-01,7.80129471E-01,1.00000000E+00,2,2,11024
6,11,24,0,7,1.36862602E+03,1.10403442E+05,-5.27578374E-01,-7.79875940E-01,-3.36830190E-01,-5.27578374E-01,-7.79875940E-01,-3.36830190E-01,1.00000000E+00,2,2,11024
7,11,24,0,3,5.29866937E+02,2.30488372E+04,-1.57112083E-01,-3.88386580E-01,9.08004217E-01,-1.57112083E-01,-3.88386580E-01,9.08004217E-01,1.00000000E+00,2,2,11024
7,11,24,0,7,2.75400700E+03,2.30488372E+04,6.98319243E-01,-6.38805633E-01,-3.22920422E-01,6.98319243E-01,-6.38805633E-01,-3.22920422E-01,1.00000000E+00,2,2,11024
7,11,24,0,7,1.36862602E+03,2.30488372E+04,6.98372322E-01,6.32702472E-01,-3.34609746E-01,6.98372322E-01,6.32702472E-01,-3.34609746E-01,1.00000000E+00,2,2,11024
8,11,24,0,3,5.24356109E+02,7.69980240E+04,-5.12262770E-01,8.54192917E-01,8.91140579E-02,-5.12262770E-01,8.54192917E-01,8.91140579E-02,1.00000000E+00,2,2,11024
8,11,24,0,7,2.75400700E+03,7.69980240E+04,-7.15609038E-01,6.78461097E-01,-1.66115155E-01,-7.15609038E-01,6.78461097E-01,-1.66115155E-01,1.00000000E+00,2,2,11024
8,11,24,0,7,1.36862602E+03,7.69980240E+04,3.14208262E-01,7.74632452E-01,5.48833064E-01,3.14208262E-01,7.74632452E-01,5.48833064E-01,1.00000000E+00,2,2,11024
9,11,24,0,3,9.05141391E+02,1.43799350E+05,-6.00154062E-01,-1.45043661E-02,7.99752915E-01,-6.00154062E-01,-1.45043661E-02,7.99752915E-01,1.00000000E+00,2,2,11024
9,11,24,0,7,2.75400700E+03,1.43799350E+05,-2.53134164E-01,-8.79819579E-01,4.02294175E-01,-2.53134164E-01,-8.79819579E-01,4.02294175E-01,1.00000000E+00,2,2,11024
9,11,24,0,7,1.36862602E+03,1.43799350E+05,-1.58610621E-01,-7.51389218E-01,6.40513008E-01,-1.58610621E-01,-7.51389218E-01,6.40513008E-01,1.00000000E+00,2,2,11024
10,11,24,0,3,7.74826437E+02,4.79797628E+05,-3.69453701E-01,5.40608089E-01,-7.55808744E-01,-3.69453701E-01,5.40608089E-01,-7.55808744E-01,1.00000000E+00,2,2,11024
10,11,24,0,7,2.75400700E+03,4.79797628E+05,-9.88753675E-01,1.28535712E-01,-7.64509024E-02,-9.88753675E-01,1.28535712E-01,-7.64509024E-02,1.00000000E+00,2,2,11024
10,11,24,0,7,1.36862602E+03,4.79797628E+05,7.31620725E-02,-8.68622210E-01,-4.90043639E-01,7.31620725E-02,-8.68622210E-01,-4.90043639E-01,1.00000000E+00,2,2,11024
11,11,24,0,3,1.65312927E+02,2.06796012E+04,-8.33188961E-01,-4.87086874E-01,2.61806288E-01,-8.33188961E-01,-4.87086874E-01,2.61806288E-01,1.00000000E+00,2,2,11024
11,11,24,0,7,2.75400700E+03,2.06796012E+04,-7.43080429E-01,3.07732669E-01,5.94249174E-01,-7.43080429E-01,3.07732669E-01,5.94249174E-01,1.00000000E+00,2,2,11024
11,11,24,0,7,1.36862602E+03,2.06796012E+04,6.61557751E-01,2.08537983E-01,7.20314689E-01,6.61557751E-01,2.08537983E-01,7.20314689E-01,1.00000000E+00,2,2,11024
12,11,24,0,3,2.22882014E+02,2.41277507E+05,-4.25808262E-01,1.38613331E-02,-9.04707238E-01,-4.25808262E-01,1.38613331E-02,-9.04707238E-01,1.00000000E+00,2,2,11024
12,11,24,0,7,2.75400700E+03,2.41277507E+05,-4.83101023E-01,5.75742439E-02,-8.73669622E-01,-4.83101023E-01,5.75742439E-02,-8.73669622E-01,1.00000000E+00,2,2,11024
12,11,24,0,7,1.36862602E+03,2.41277507E+05,7.16445572E-01,6.97474537E-01,-1.53301091E-02,7.16445572E-01,6.97474537E-01,-1.53301091E-02,1.00000000E+00,2,2,11024
13,11,24,0,3,9.52281490E+02,2.71182044E+03,4.74870681E-01,-4.48299159E-01,7.57314796E-01,4.74870681E-01,-4.48299159E-01,7.57314796E-01,1.00000000E+00,2,2,11024
13,11,24,0,7,2.75400700E+03,2.71182044E+03,-1.20779699E-01,4.85771135E-01,8.65701258E-01,-1.20779699E-01,4.85771135E-01,8.65701258E-01,1.00000000E+00,2,2,11024
13,11,24,0,7,1.36862602E+03,2.71182044E+03,-1.37898020E-02,-1.12203009E-01,-9.93589617E-01,-1.37898020E-02,-1.12203009E-01,-9.93589617E-01,1.00000000E+00,2,2,11024
14,11,24,0,3,9.46678260E+02,7.52213992E+04,-4.43403427E-01,-7.81169575E-01,4.39508244E-01,-4.43403427E-01,-7.81169575E-01,4.39508244E-01,1.00000000E+00,2,2,11024
14,11,24,0,7,2.75400700E+03,7.52213992E+04,9.04254901E-02,9.95868285E-01,-8.34208751E-03,9.04254901E-02,9.95868285E-01,-8.34208751E-03,1.00000000E+00,2,2,11024
14,11,24,0,7,1.36862602E+03,7.52213992E+04,3.28049278E-02,4.30521262E-01,-9.01984079E-01,3.28049278E-02,4.30521262E-01,-9.01984079E-01,1.00000000E+00,2,2,11024
15,11,24,0,3,4.31094920E+02,4.28469580E+04,-9.06828401E-01,5.41608322E-02,-4.18005807E-01,-9.06828401E-01,5.41608322E-02,-4.18005807E-01,1.00000000E+00,2,2,11024
15,11,24,0,7,2.75400700E+03,4.28469580E+04,-1.97319234E-01,-8.87433371E-01,4.16565879E-01,-1.97319234E-01,-8.87433371E-01,4.16565879E-01,1.00000000E+00,2,2,11024
15,11,24,0,7,1.36862602E+03,4.28469580E+04,6.48773487E-01,-5.14098734E-01,5.61066355E-01,6.48773487E-01,-5.14098734E-01,5.61066355E-01,1.00000000E+00,2,2,11024
16,11,24,0,3,2.46375399E+02,1.46527231E+05,9.84995871E-01,1.70319388E-01,2.78287707E-02,9.84995871E-01,1.70319388E-01,2.78287707E-02,1.00000000E+00,2,2,11024
16,11,24,0,7,2.75400700E+03,1.46527231E+05,2.63628965E-01,2.66050365E-01,-9.27209239E-01,2.63628965E-01,2.66050365E-01,-9.27209239E-01,1.00000000E+00,2,2,11024
16,11,24,0,7,1.36862602E+03,1.46527231E+05,4.63674818E-01,-6.17151515E-01,-6.35711941E-01,4.63674818E-01,-6.17151515E-01,-6.35711941E-01,1.00000000E+00,2,2,11024
17,11,24,0,3,8.51882908E+02,1.76246999E+05,-5.46667960E-01,8.33759023E-01,-7.74598781E-02,-5.46667960E-01,8.33759023E-01,-7.74598781E-02,1.00000000E+00,2,2,11024
17,11,24,0,7,2.75400700E+03,1.76246999E+05,4.34268971E-02,2.74376987E-01,-9.60641126E-01,4.34268971E-02,2.74376987E-01,-9.60641126E-01,1.00000000E+00,2,2,11024
17,11,24,0,7,1.36862602E+03,1.76246999E+05,-7.85933159E-01,-5.67428460E-01,2.45629829E-01,-7.85933159E-01,-5.67428460E-01,2.45629829E-01,1.00000000E+00,2,2,11024
18,11,24,0,3,7.39795025E+02,1.26758613E+04,2.11133094E-02,8.47864715E-01,5.29792085E-01,2.11133094E-02,8.47864715E-01,5.29792085E-01,1.00000000E+00,2,2,11024
18,11,24,0,7,2.75400700E+03,1.26758613E+04,6.74279767E-01,-7.23966202E-01,-1.45669954E-01,6.74279767E-01,-7.23966202E-01,-1.45669954E-01,1.00000000E+00,2,2,11024
18,11,24,0,7,1.36862602E+03,1.26758613E+04,8.18244993E-01,-4.92110900E-01,2.97156513E-01,8.18244993E-01,-4.92110900E-01,2.97156513E-01,1.00000000E+00,2,2,11024
19,11,24,0,3,2.37994253E+02,6.84200335E+04,9.45935019E-01,-2.52438487E-01,-2.03670692E-01,9.45935019E-01,-2.52438487E-01,-2.03670692E-01,1.00000000E+00,2,2,11024
19,11,24,0,7,2.75400700E+03,6.84200335E+04,-1.88710485E-01,5.48384934E-01,8.14654723E-01,-1.88710485E-01,5.48384934E-01,8.14654723E-01,1.00000000E+00,2,2,11024
19,11,24,0,7,1.36862602E+03,6.84200335E+04,5.78600140E-01,-8.04589573E-01,-1.33631946E-01,5.78600140E-01,-8.04589573E-01,-1.33631946E-01,1.00000000E+00,2,2,11024
20,11,24,0,3,1.79198392E+02,8.15816188E+03,-5.62274992E-01,6.75567131E-01,4.76923353E-01,-5.62274992E-01,6.75567131E-01,4.76923353E-01,1.00000000E+00,2,2,11024
20,11,24,0,7,2.75400700E+03,8.15816188E+03,6.12512928E-01,-6.74883824E-01,4.11533397E-01,6.12512928E-01,-6.74883824E-01,4.11533397E-01,1.00000000E+00,2,2,11024
20,11,24,0,7,1.36862602E+03,8.15816188E+03,-2.35204747E-01,-7.76162955E-01,5.85021191E-01,-2.35204747E-01,-7.76162955E-01,5.85021191E-01,1.00000000E+00,2,2,11024
21,11,24,0,3,1.05796937E+03,1.00899573E+05,-6.09389359E-01,-2.43179288E-01,-7.54657832E-01,-6.09389359E-01,-2.43179288E-01,-7.54657832E-01,1.00000000E+00,2,2,11024
21,11,24,0,7,2.75400700E+03,1.00899573E+05,1.29243680E-01,9.91083703E-01,3.23908105E-02,1.29243680E-01,9.91083703E-01,3.23908105E-02,1.00000000E+00,2,2,11024
21,11,24,0,7,1.36862602E+03,1.00899573E+05,-4.94647084E-01,-5.19582709E-01,6.96676446E-01,-4.94647084E-01,-5.19582709E-01,6.96676446E-01,1.00000000E+00,2,2,11024
22,11,24,0,3,7.28419641E+02,6.38020729E+04,3.39095836E-01,6.52400292E-01,6.77781583E-01,3.39095836E-01,6.52400292E-01,6.77781583E-01,1.00000000E+00,2,2,11024
22,11,24,0,7,2.75400700E+03,6.38020729E+04,3.28504637E-01,9.39714654E-01,9.49793277E-02,3.28504637E-01,9.39714654E-01,9.49793277E-02,1.00000000E+00,2,2,11024
22,11,24,0,7,1.36862602E+03,6.38020729E+04,-6.34667171E-01,7.72000729E-01,-3.48203409E-02,-6.34667171E-01,7.72000729E-01,-3.48203409E-02,1.00000000E+00,2,2,11024
23,11,24,0,3,2.81008669E+02,6.28054898E+04,4.94133492E-01,-4.65581034E-01,-7.34211408E-01,4.94133492E-01,-4.65581034E-01,-7.34211408E-01,1.00000000E+00,2,2,11024
23,11,24,0,7,2.75400700E+03,6.28054898E+04,5.97134072E-01,5.80268586E-01,5.53822416E-01,5.97134072E-01,5.80268586E-01,5.53822416E-01,1.00000000E+00,2,2,11024
23,11,24,0,7,1.36862602E+03,6.28054898E+04,5.82120887E-01,8.12606316E-01,-2.83945002E-02,5.82120887E-01,8.12606316E-01,-2.83945002E-02,1.00000000E+00,2,2,11024
24,11,24,0,3,5.82044900E+02,6.54526147E+03,-7.39463885E-02,-5.23722732E-01,-8.48673336E-01,-7.39463885E-02,-5.23722732E-01,-8.48673336E-01,1.00000000E+00,2,2,11024
24,11,24,0,7,2.75400700E+03,6.54526147E+03,2.91508851E-01,8.49083864E-01,4.40544188E-01,2.91508851E-01,8.49083864E-01,4.40544188E-01,1.00000000E+00,2,2,11024
24,11,24,0,7,1.36862602E+03,6.54526147E+03,4.73028755E-01,-4.73742503E-01,7.42840385E-01,4.73028755E-01,-4.73742503E-01,7.42840385E-01,1.00000000E+00,2,2,11024
25,11,24,0,3,2.30547711E+02,4.63298305E+04,-1.85255395E-03,8.90679056E-01,4.54628846E-01,-1.85255395E-03,8.90679056E-01,4.54628846E-01,1.00000000E+00,2,2,11024
25,11,24,0,7,2.75400700E+03,4.63298305E+04,-9.42330822E-01,-1.36394613E-01,3.05629075E-01,-9.42330822E-01,-1.36394613E-01,3.05629075E-01,1.00000000E+00,2,2,11024
25,11,24,0,7,1.36862602E+03,4.63298305E+04,2.35805931E-01,3.86398596E-02,9.71031680E-01,2.35805931E-01,3.86398596E-02,9.71031680E-01,1.00000000E+00,2,2,11024
26,11,24,0,3,9.82262715E+02,5.48857874E+01,-4.05756510E-01,6.96454794E-01,5.91871924E-01,-4.05756510E-01,6.96454794E-01,5.91871924E-01,1.00000000E+00,2,2,11024
26,11,24,0,7,2.75400700E+03,5.48857874E+01,-6.58022071E-02,9.06962541E-01,4.16039684E-01,-6.58022071E-02,9.06962541E-01,4.16039684E-01,1.00000000E+00,2,2,11024
26,11,24,0,7,1.36862602E+03,5.48857874E+01,6.05356046E-01,-6.34549192E-01,4.80511582E-01,6.05356046E-01,-6.34549192E-01,4.80511582E-01,1.00000000E+00,2,2,11024
27,11,24,0,3,7.00207396E+02,1.61566863E+05,4.29271187E-01,-1.06850865E-01,8.96832839E-01,4.29271187E-01,-1.06850865E-01,8.96832839E-01,1.00000000E+00,2,2,11024
27,11,24,0,7,2.75400700E+03,1.61566863E+05,1.27002022E-01,-9.09583335E-01,-3.95637010E-01,1.27002022E-01,-9.09583335E-01,-3.95637010E-01,1.00000000E+00,2,2,11024
27,11,24,0,7,1.36862602E+03,1.61566863E+05,4.99245415E-01,3.65694026E-01,-7.85507412E-01,4.99245415E-01,3.65694026E-01,-7.85507412E-01,1.00000000E+00,2,2,11024
28,11,24,0,3,6.83242219E+02,2.30591505E+04,4.31230843E-01,5.76004677E-01,-6.94448394E-01,4.31230843E-01,5.76004677E-01,-6.94448394E-01,1.00000000E+00,2,2,11024
28,11,24,0,7,2.75400700E+03,2.30591505E+04,-9.92417130E-01,-1.16312743E-01,3.97439977E-02,-9.92417130E-01,-1.16312743E-01,3.97439977E-02,1.00000000E+00,2,2,11024
28,11,24,0,7,1.36862602E+03,2.30591505E+04,1.74494421E-01,-7.39929958E-02,9.81874093E-01,1.74494421E-01,-7.39929958E-02,9.81874093E-01,1.00000000E+00,2,2,11024
29,11,24,0,3,9.57722652E+01,1.17676235E+05,-5.41871632E-01,-8.40442460E-01,-5.62190649E-03,-5.41871632E-01,-8.40442460E-01,-5.62190649E-03,1.00000000E+00,2,2,11024
29,11,24,0,7,2.75400700E+03,1.17676235E+05,-1.74340411E-01,-8.10847732E-01,-5.58687190E-01,-1.74340411E-01,-8.10847732E-01,-5.58687190E-01,1.00000000E+00,2,2,11024
29,11,24,0,7,1.36862602E+03,1.17676235E+05,-2.44193445E-01,9.35788118E-01,2.54303283E-01,-2.44193445E-01,9.35788118E-01,2.54303283E-01,1.00000000E+00,2,2,11024
30,11,24,0,3,5.29074278E+02,3.36107822E+03,-5.37957402E-02,-5.77709582E-01,8.14467714E-01,-5.37957402E-02,-5.77709582E-01,8.14467714E-01,1.00000000E+00,2,2,11024
30,11,24,0,7,2.75400700E+03,3.36107822E+03,4.68616583E-01,-8.63893398E-01,-1.84625822E-01,4.68616583E-01,-8.63893398E-01,-1.84625822E-01,1.00000000E+00,2,2,11024
30,11,24,0,7,1.36862602E+03,3.36107822E+03,1.96905427E-01,-8.28474057E-01,5.24269959E-01,1.96905427E-01,-8.28474057E-01,5.24269959E-01,1.00000000E+00,2,2,11024
31,11,24,0,3,3.41434926E+02,5.98295340E+04,-6.18675336E-01,-7.68720559E-01,1.62202129E-01,-6.18675336E-01,-7.68720559E-01,1.62202129E-01,1.00000000E+00,2,2,11024
31,11,24,0,7,2.75400700E+03,5.98295340E+04,4.30254971E-01,3.03169210E-01,-8.50275891E-01,4.30254971E-01,3.03169210E-01,-8.50275891E-01,1.00000000E+00,2,2,11024
31,11,24,0,7,1.36862602E+03,5.98295340E+04,3.51706107E-01,-5.18185299E-01,-7.79606831E-01,3.51706107E-01,-5.18185299E-01,-7.79606831E-01,1.00000000E+00,2,2,11024
32,11,24,0,3,7.28079457E+02,7.36499157E+03,5.58597966E-01,-6.69791615E-01,4.89231545E-01,5.58597966E-01,-6.69791615E-01,4.89231545E-01,1.00000000E+00,2,2,11024
32,11,24,0,7,2.75400700E+03,7.36499157E+03,4.72453772E-01,8.80795432E-01,-3.14140199E-02,4.72453772E-01,8.80795432E-01,-3.14140199E-02,1.00000000E+00,2,2,11024
32,11,24,0,7,1.36862602E+03,7.36499157E+03,6.45457539E-01,-3.50807378E-01,-6.78467942E-01,6.45457539E-01,-3.50807378E-01,-6.78467942E-01,1.00000000E+00,2,2,11024
33,11,24,0,3,1.12815196E+02,1.28362451E+04,9.37695496E-01,-6.47972904E-03,-3.47397712E-01,9.37695496E-01,-6.47972904E-03,-3.47397712E-01,1.00000000E+00,2,2,11024
33,11,24,0,7,2.75400700E+03,1.28362451E+04,2.47220761E-01,8.25663441E-01,5.07111209E-01,2.47220761E-01,8.25663441E-01,5.07111209E-01,1.00000000E+00,2,2,11024
33,11,24,0,7,1.36862602E+03,1.28362451E+04,-1.35172713E-01,8.12873676E-01,-5.66537487E-01,-1.35172713E-01,8.12873676E-01,-5.66537487E-01,1.00000000E+00,2,2,11024
34,11,24,0,3,8.59247115E+02,9.18642688E+04,2.50525695E-01,5.99297104E-01,7.60315631E-01,2.50525695E-01,5.99297104E-01,7.60315631E-01,1.00000000E+00,2,2,11024
34,11,24,0,7,2.75400700E+03,9.18642688E+04,8.78251636E-01,-3.43825306E-01,-3.32352560E-01,8.78251636E-01,-3.43825306E-01,-3.32352560E-01,1.00000000E+00,2,2,11024
34,11,24,0,7,1.36862602E+03,9.18642688E+04,-8.15837489E-02,-4.69251446E-01,-8.79287878E-01,-8.15837489E-02,-4.69251446E-01,-8.79287878E-01,1.00000000E+00,2,2,11024
35,11,24,0,3,4.19884020E+02,2.06866735E+04,5.64881342E-01,-9.32343458E-04,-8.25171618E-01,5.64881342E-01,-9.32343458E-04,-8.25171618E-01,1.00000000E+00,2,2,11024
35,11,24,0,7,2.75400700E+03,2.06866735E+04,-8.04325897E-01,-4.34275559E-01,4.05542340E-01,-8.04325897E-01,-4.34275559E-01,4.05542340E-01,1.00000000E+00,2,2,11024
35,11,24,0,7,1.36862602E+03,2.06866735E+04,8.64706591E-01,4.44145330E-01,-2.34557962E-01,8.64706591E-01,4.44145330E-01,-2.34557962E-01,1.00000000E+00,2,2,11024
36,11,24,0,3,7.22642976E+02,1.37924282E+05,6.93749979E-01,6.80289369E-01,-2.36468478E-01,6.93749979E-01,6.80289369E-01,-2.36468478E-01,1.00000000E+00,2,2,11024
36,11,24,0,7,2.75400700E+03,1.37924282E+05,5.27762363E-01,-8.03881836E-01,2.74300715E-01,5.27762363E-01,-8.03881836E-01,2.74300715E-01,1.00000000E+00,2,2,11024
36,11,24,0,7,1.36862602E+03,1.37924282E+05,2.01237792E-01,-9.37250356E-01,-2.84719373E-01,2.01237792E-01,-9.37250356E-01,-2.84719373E-01,1.00000000E+00,2,2,11024
37,11,24,0,3,9.81520512E+02,7.98653419E+04,-3.23714867E-01,-9.42985493E-01,7.73759924E-02,-3.23714867E-01,-9.42985493E-01,7.73759924E-02,1.00000000E+00,2,2,11024
37,11,24,0,7,2.75400700E+03,7.98653419E+04,-8.09001218E-01,-5.52545118E-01,-2.00526611E-01,-8.09001218E-01,-5.52545118E-01,-2.00526611E-01,1.00000000E+00,2,2,11024
37,11,24,0,7,1.36862602E+03,7.98653419E+04,7.05049369E-01,-6.78492903E-01,-2.06283224E-01,7.05049369E-01,-6.78492903E-01,-2.06283224E-01,1.00000000E+00,2,2,11024
38,11,24,0,3,9.34883798E+02,1.86203113E+04,-4.30981809E-01,6.61747887E-01,-6.13469164E-01,-4.30981809E-01,6.61747887E-01,-6.13469164E-01,1.00000000E+00,2,2,11024
38,11,24,0,7,2.75400700E+03,1.86203113E+04,5.12625912E-01,3.57175943E-01,7.80794480E-01,5.12625912E-01,3.57175943E-01,7.80794480E-01,1.00000000E+00,2,2,11024
38,11,24,0,7,1.36862602E+03,1.86203113E+04,3.22844775E-01,-9.46253022E-01,1.94028423E-02,3.22844775E-01,-9.46253022E-01,1.94028423E-02,1.00000000E+00,2,2,11024
39,11,24,0,3,1.82360448E+02,8.10448439E+04,7.75653147E-01,5.53233506E-01,-3.03800729E-01,7.75653147E-01,5.53233506E-01,-3.03800729E-01,1.00000000E+00,2,2,11024
39,11,24,0,7,2.75400700E+03,8.10448439E+04,6.20030023E-01,7.84573380E-01,2.71676359E-03,6.20030023E-01,7.84573380E-01,2.71676359E-03,1.00000000E+00,2,2,11024
39,11,24,0,7,1.36862602E+03,8.10448439E+04,3.73278199E-01,-8.30273297E-01,-4.13895685E-01,3.73278199E-01,-8.30273297E-01,-4.13895685E-01,1.00000000E+00,2,2,11024
40,11,24,0,3,1.65671904E+02,6.87398849E+04,-9.97297648E-01,5.36068326E-02,5.02365259E-02,-9.97297648E-01,5.36068326E-02,5.02365259E-02,1.00000000E+00,2,2,11024
40,11,24,0,7,2.75400700E+03,6.87398849E+04,-4.14951408E-01,2.11681849E-01,-8.84876333E-01,-4.14951408E-01,2.11681849E-01,-8.84876333E-01,1.00000000E+00,2,2,11024
40,11,24,0,7,1.36862602E+03,6.87398849E+04,-5.88960082E-01,1.28058804E-01,-7.97951730E-01,-5.88960082E-01,1.28058804E-01,-7.97951730E-01,1.00000000E+00,2,2,11024
41,11,24,0,3,8.54782884E+02,1.55481879E+04,-5.48852043E-01,-8.34053112E-01,-5.58286850E-02,-5.48852043E-01,-8.34053112E-01,-5.58286850E-02,1.00000000E+00,2,2,11024
41,11,24,0,7,2.75400700E+03,1.55481879E+04,-4.19807149E-01,4.04625352E-01,-8.12428632E-01,-4.19807149E-01,4.04625352E-01,-8.12428632E-01,1.00000000E+00,2,2,11024
41,11,24,0,7,1.36862602E+03,1.55481879E+04,7.58549058E-01,-6.18202641E-01,-2.05982577E-01,7.58549058E-01,-6.18202641E-01,-2.05982577E-01,1.00000000E+00,2,2,11024
42,11,24,0,3,5.79758130E+02,6.99583242E+04,-3.28787061E-02,-5.15618066E-01,8.56187480E-01,-3.28787061E-02,-5.15618066E-01,8.56187480E-01,1.00000000E+00,2,2,11024
42,11,24,0,7,2.75400700E+03,6.99583242E+04,-1.04734303E-01,9.05248581E-01,4.11771456E-01,-1.04734303E-01,9.05248581E-01,4.11771456E-01,1.00000000E+00,2,2,11024
42,11,24,0,7,1.36862602E+03,6.99583242E+04,-5.87271988E-01,7.84215327E-01,2.00294614E-01,-5.87271988E-01,7.84215327E-01,2.00294614E-01,1.00000000E+00,2,2,11024
43,11,24,0,3,2.64501154E+02,4.02137183E+04,6.46762607E-01,4.73783280E-02,7.61218381E-01,6.46762607E-01,4.73783280E-02,7.61218381E-01,1.00000000E+00,2,2,11024
43,11,24,0,7,2.75400700E+03,4.02137183E+04,8.08918149E-01,5.39272768E-01,2.34171538E-01,8.08918149E-01,5.39272768E-01,2.34171538E-01,1.00000000E+00,2,2,11024
43,11,24,0,7,1.36862602E+03,4.02137183E+04,9.96295317E-01,-5.74850066E-02,-6.39618262E-02,9.96295317E-01,-5.74850066E-02,-6.39618262E-02,1.00000000E+00,2,2,11024
44,11,24,0,3,5.23494671E+02,1.42848756E+04,-9.45800240E-01,3.22386886E-01,-3.90973379E-02,-9.45800240E-01,3.22386886E-01,-3.90973379E-02,1.00000000E+00,2,2,11024
44,11,24,0,7,2.75400700E+03,1.42848756E+04,-1.83223667E-01,7.06707489E-01,6.83369309E-01,-1.83223667E-01,7.06707489E-01,6.83369309E-01,1.00000000E+00,2,2,11024
44,11,24,0,7,1.36862602E+03,1.42848756E+04,-9.57643840E-01,2.34577291E-01,-1.67008293E-01,-9.57643840E-01,2.34577291E-01,-1.67008293E-01,1.00000000E+00,2,2,11024
45,11,24,0,3,7.42789885E+02,7.36152280E+04,7.47326733E-01,-6.62530392E-01,-5.05592072E-02,7.47326733E-01,-6.62530392E-01,-5.05592072E-02,1.00000000E+00,2,2,11024
45,11,24,0,7,2.75400700E+03,7.36152280E+04,4.34039142E-01,-5.03159106E-01,7.47289058E-01,4.34039142E-01,-5.03159106E-01,7.47289058E-01,1.00000000E+00,2,2,11024
45,11,24,0,7,1.36862602E+03,7.36152280E+04,4.39786074E-01,8.93286213E-01,-9.28867642E-02,4.39786074E-01,8.93286213E-01,-9.28867642E-02,1.00000000E+00,2,2,11024
46,11,24,0,3,9.46188592E+02,4.44451576E+04,-5.19570008E-01,6.44846062E-01,-5.60553801E-01,-5.19570008E-01,6.44846062E-01,-5.60553801E-01,1.00000000E+00,2,2,11024
46,11,24,0,7,2.75400700E+03,4.44451576E+04,-9.64168818E-01,-1.42674298E-01,2.23657181E-01,-9.64168818E-01,-1.42674298E-01,2.23657181E-01,1.00000000E+00,2,2,11024
46,11,24,0,7,1.36862602E+03,4.44451576E+04,-3.88834351E-01,3.04305213E-01,-8.69601164E-01,-3.88834351E-01,3.04305213E-01,-8.69601164E-01,1.00000000E+00,2,2,11024
47,11,24,0,3,1.16402154E+03,3.47822433E+03,-1.49580893E-01,4.79725572E-01,-8.64574422E-01,-1.49580893E-01,4.79725572E-01,-8.64574422E-01,1.00000000E+00,2,2,11024
47,11,24,0,7,2.75400700E+03,3.47822433E+03,9.08802411E-01,3.70499592E-01,1.91854711E-01,9.08802411E-01,3.70499592E-01,1.91854711E-01,1.00000000E+00,2,2,11024
47,11,24,0,7,1.36862602E+03,3.47822433E+03,1.91638423E-01,7.10991375E-01,-6.76584052E-01,1.91638423E-01,7.10991375E-01,-6.76584052E-01,1.00000000E+00,2,2,11024
48,11,24,0,3,4.48776394E+02,7.47258658E+04,-1.19598582E-01,8.82004696E-01,-4.55811250E-01,-1.19598582E-01,8.82004696E-01,-4.55811250E-01,1.00000000E+00,2,2,11024
48,11,24,0,7,2.75400700E+03,7.47258658E+04,8.86816365E-01,3.79592741E-01,-2.63564197E-01,8.86816365E-01,3.79592741E-01,-2.63564197E-01,1.00000000E+00,2,2,11024
48,11,24,0,7,1.36862602E+03,7.47258658E+04,-6.93721793E-01,-3.72833440E-01,-6.16234776E-01,-6.93721793E-01,-3.72833440E-01,-6.16234776E-01,1.00000000E+00,2,2,11024
49,11,24,0,3,7.76883349E+02,7.55005507E+03,8.33042478E-01,-5.32829128E-01,1.48772816E-01,8.33042478E-01,-5.32829128E-01,1.48772816E-01,1.00000000E+00,2,2,11024
49,11,24,0,7,2.75400700E+03,7.55005507E+03,-3.95167638E-01,-8.08116594E-01,4.36795270E-01,-3.95167638E-01,-8.08116594E-01,4.36795270E-01,1.00000000E+00,2,2,11024
49,11,24,0,7,1.36862602E+03,7.55005507E+03,6.18878628E-01,7.72283979E-01,-1.43410948E-01,6.18878628E-01,7.72283979E-01,-1.43410948E-01,1.00000000E+00,2,2,11024
50,11,24,0,3,2.88973303E+02,2.38034972E+03,-5.93786298E-01,-7.74091196E-01,2.19546470E-01,-5.93786298E-01,-7.74091196E-01,2.19546470E-01,1.00000000E+00,2,2,11024
50,11,24,0,7,2.75400700E+03,2.38034972E+03,-2.32459820E-01,6.25803538E-01,7.44534998E-01,-2.32459820E-01,6.25803538E-01,7.44534998E-01,1.00000000E+00,2,2,11024
50,11,24,0,7,1.36862602E+03,2.38034972E+03,9.39067469E-01,-3.07273219E-01,1.54063162E-01,9.39067469E-01,-3.07273219E-01,1.54063162E-01,1.00000000E+00,2,2,11024
51,11,24,0,3,7.12870838E+02,3.68953072E+04,6.13119008E-01,5.02637354E-01,6.09459410E-01,6.13119008E-01,5.02637354E-01,6.09459410E-01,1.00000000E+00,2,2,11024
51,11,24,0,7,2.75400700E+03,3.68953072E+04,-6.14040576E-01,-2.59022387E-01,-7.45561247E-01,-6.14040576E-01,-2.59022387E-01,-7.45561247E-01,1.00000000E+00,2,2,11024
51,11,24,0,7,1.36862602E+03,3.68953072E+04,-5.86768902E-01,4.97915564E-01,6.38578380E-01,-5.86768902E-01,4.97915564E-01,6.38578380E-01,1.00000000E+00,2,2,11024
52,11,24,0,3,4.87074646E+02,7.70110227E+04,9.09108696E-01,2.84802418E-01,3.03988424E-01,9.09108696E-01,2.84802418E-01,3.03988424E-01,1.00000000E+00,2,2,11024
52,11,24,0,7,2.75400700E+03,7.70110227E+04,9.27369414E-01,6.84806049E-02,3.67826559E-01,9.27369414E-01,6.84806049E-02,3.67826559E-01,1.00000000E+00,2,2,11024
52,11,24,0,7,1.36862602E+03,7.70110227E+04,2.95431270E-01,-5.55590309E-01,7.77199957E-01,2.95431270E-01,-5.55590309E-01,7.77199957E-01,1.00000000E+00,2,2,11024
53,11,24,0,3,8.36135971E+02,3.71112917E+04,7.20346710E-01,6.08652220E-01,3.32630564E-01,7.20346710E-01,6.08652220E-01,3.32630564E-01,1.00000000E+00,2,2,11024
53,11,24,0,7,2.75400700E+03,3.71112917E+04,-4.86576510E-01,8.72690130E-01,-4.06845986E-02,-4.86576510E-01,8.72690130E-01,-4.06845986E-02,1.00000000E+00,2,2,11024
53,11,24,0,7,1.36862602E+03,3.71112917E+04,-4.47251600E-01,8.43797577E-01,2.96600161E-01,-4.47251600E-01,8.43797577E-01,2.96600161E-01,1.00000000E+00,2,2,11024
54,11,24,0,3,1.93403205E+01,2.60718514E+04,1.93625085E-01,9.70463500E-01,-1.43909422E-01,1.93625085E-01,9.70463500E-01,-1.43909422E-01,1.00000000E+00,2,2,11024
54,11,24,0,7,2.75400700E+03,2.60718514E+04,-5.19878435E-01,8.51886129E-01,-6.33753529E-02,-5.19878435E-01,8.51886129E-01,-6.33753529E-02,1.00000000E+00,2,2,11024
54,11,24,0,7,1.36862602E+03,2.60718514E+04,-5.76511208E-01,7.35697189E-01,3.55505941E-01,-5.76511208E-01,7.35697189E-01,3.55505941E-01,1.00000000E+00,2,2,11024
55,11,24,0,3,1.14898015E+02,1.13899064E+05,-8.93355558E-01,-3.54907515E-01,2.75602072E-01,-8.93355558E-01,-3.54907515E-01,2.75602072E-01,1.00000000E+00,2,2,11024
55,11,24,0,7,2.75400700E+03,1.13899064E+05,6.29141083E-01,-6.52469747E-01,4.22450857E-01,6.29141083E-01,-6.52469747E-01,4.22450857E-01,1.00000000E+00,2,2,11024
55,11,24,0,7,1.36862602E+03,1.13899064E+05,-2.38860502E-01,-1.41123384E-01,-9.60744426E-01,-2.38860502E-01,-1.41123384E-01,-9.60744426E-01,1.00000000E+00,2,2,11024
56,11,24,0,3,2.54612942E+02,1.14076993E+04,8.13532876E-01,2.50486069E-01,-5.24805668E-01,8.13532876E-01,2.50486069E-01,-5.24805668E-01,1.00000000E+00,2,2,11024
56,11,24,0,7,2.75400700E+03,1.14076993E+04,5.07292504E-01,4.69671171E-01,-7.22539484E-01,5.07292504E-01,4.69671171E-01,-7.22539484E-01,1.00000000E+00,2,2,11024
56,11,24,0,7,1.36862602E+03,1.14076993E+04,-5.80295171E-02,7.75000638E-01,6.29290542E-01,-5.80295171E-02,7.75000638E-01,6.29290542E-01,1.00000000E+00,2,2,11024
57,11,24,0,3,1.15641410E+03,4.90107402E+04,9.62127745E-01,-1.82315467E-01,-2.02660487E-01,9.62127745E-01,-1.82315467E-01,-2.02660487E-01,1.00000000E+00,2,2,11024
57,11,24,0,7,2.75400700E+03,4.90107402E+04,8.63894308E-01,1.13159175E-01,4.90796929E-01,8.63894308E-01,1.13159175E-01,4.90796929E-01,1.00000000E+00,2,2,11024
57,11,24,0,7,1.36862602E+03,4.90107402E+04,1.14240237E-01,-9.67628695E-01,2.25041943E-01,1.14240237E-01,-9.67628695E-01,2.25041943E-01,1.00000000E+00,2,2,11024
58,11,24,0,3,3.16417780E+02,7.57715436E+04,1.50762738E-01,4.99568582E-01,-8.53054411E-01,1.50762738E-01,4.99568582E-01,-8.53054411E-01,1.00000000E+00,2,2,11024
58,11,24,0,7,2.75400700E+03,7.57715436E+04,-1.65413826E-01,9.38822694E-01,-3.02076506E-01,-1.65413826E-01,9.38822694E-01,-3.02076506E-01,1.00000000E+00,2,2,11024
58,11,24,0,7,1.36862602E+03,7.57715436E+04,-3.83306894E-01,-7.07993728E-01,-5.93144760E-01,-3.83306894E-01,-7.07993728E-01,-5.93144760E-01,1.00000000E+00,2,2,11024
59,11,24,0,3,5.29263172E+02,1.97211009E+04,-5.48139305E-01,1.65372263E-01,-8.19875184E-01,-5.48139305E-01,1.65372263E-01,-8.19875184E-01,1.00000000E+00,2,2,11024
59,11,24,0,7,2.75400700E+03,1.97211009E+04,-5.39686667E-01,6.38985377E-01,-5.48120414E-01,-5.39686667E-01,6.38985377E-01,-5.48120414E-01,1.00000000E+00,2,2,11024
59,11,24,0,7,1.36862602E+03,1.97211009E+04,6.24709091E-02,-9.54254650E-01,2.92396047E-01,6.24709091E-02,-9.54254650E-01,2.92396047E-01,1.00000000E+00,2,2,11024
60,11,24,0,3,4.53091460E+02,2.69102333E+05,3.49055749E-02,-4.35185562E-01,8.99663897E-01,3.49055749E-02,-4.35185562E-01,8.99663897E-01,1.00000000E+00,2,2,11024
60,11,24,0,7,2.75400700E+03,2.69102333E+05,7.39063599E-02,5.42384981E-01,8.36872978E-01,7.39063599E-02,5.42384981E-01,8.36872978E-01,1.00000000E+00,2,2,11024
60,11,24,0,7,1.36862602E+03,2.69102333E+05,6.26251090E-01,-5.23496484E-01,-5.77720525E-01,6.26251090E-01,-5.23496484E-01,-5.77720525E-01,1.00000000E+00,2,2,11024
61,11,24,0,3,6.28666359E+02,1.14136524E+05,9.95530902E-01,4.28260878E-02,-8.41673842E-02,9.95530902E-01,4.28260878E-02,-8.41673842E-02,1.00000000E+00,2,2,11024
61,11,24,0,7,2.75400700E+03,1.14136524E+05,-4.29466006E-01,-9.02386114E-01,3.54718196E-02,-4.29466006E-01,-9.02386114E-01,3.54718196E-02,1.00000000E+00,2,2,11024
61,11,24,0,7,1.36862602E+03,1.14136524E+05,-8.23750163E-01,2.17435831E-01,-5.23600351E-01,-8.23750163E-01,2.17435831E-01,-5.23600351E-01,1.00000000E+00,2,2,11024
62,11,24,0,3,2.07244203E+02,6.87017017E+04,-1.45203512E-01,5.67814160E-01,-8.10248739E-01,-1.45203512E-01,5.67814160E-01,-8.10248739E-01,1.00000000E+00,2,2,11024
62,11,24,0,7,2.75400700E+03,6.87017017E+04,6.87299099E-01,-6.30438734E-01,-3.60786573E-01,6.87299099E-01,-6.30438734E-01,-3.60786573E-01,1.00000000E+00,2,2,11024
62,11,24,0,7,1.36862602E+03,6.87017017E+04,7.41135277E-01,3.02738705E-01,5.99222644E-01,7.41135277E-01,3.02738705E-01,5.99222644E-01,1.00000000E+00,2,2,11024
63,11,24,0,3,8.49461037E+02,7.73054649E+04,-3.66791402E-01,7.64965111E-01,5.29426526E-01,-3.66791402E-01,7.64965111E-01,5.29426526E-01,1.00000000E+00,2,2,11024
63,11,24,0,7,2.75400700E+03,7.73054649E+04,-2.12315361E-01,-8.78346006E-01,-4.28287848E-01,-2.12315361E-01,-8.78346006E-01,-4.28287848E-01,1.00000000E+00,2,2,11024
63,11,24,0,7,1.36862602E+03,7.73054649E+04,-6.78357881E-01,-3.87040823E-01,-6.24523808E-01,-6.78357881E-01,-3.87040823E-01,-6.24523808E-01,1.00000000E+00,2,2,11024
64,11,24,0,3,8.10887026E+02,4.39884757E+04,-1.66728633E-01,8.97529757E-01,-4.08217955E-01,-1.66728633E-01,8.97529757E-01,-4.08217955E-01,1.00000000E+00,2,2,11024
64,11,24,0,7,2.75400700E+03,4.39884757E+04,-6.07342488E-01,4.84274226E-01,-6.29772639E-01,-6.07342488E-01,4.84274226E-01,-6.29772639E-01,1.00000000E+00,2,2,11024
64,11,24,0,7,1.36862602E+03,4.39884757E+04,-5.85812298E-01,-5.54659817E-01,5.90911532E-01,-5.85812298E-01,-5.54659817E-01,5.90911532E-01,1.00000000E+00,2,2,11024
65,11,24,0,3,5.83666050E+02,4.88008180E+04,6.47035506E-01,3.23381099E-01,6.90485133E-01,6.47035506E-01,3.23381099E-01,6.90485133E-01,1.00000000E+00,2,2,11024
65,11,24,0,7,2.75400700E+03,4.88008180E+04,-6.18253769E-01,-7.13481395E-01,-3.29706804E-01,-6.18253769E-01,-7.13481395E-01,-3.29706804E-01,1.00000000E+00,2,2,11024
65,11,24,0,7,1.36862602E+03,4.88008180E+04,3.91505964E-01,8.00869411E-01,4.53134933E-01,3.91505964E-01,8.00869411E-01,4.53134933E-01,1.00000000E+00,2,2,11024
66,11,24,0,3,3.70709240E+02,5.14303832E+04,9.63990208E-01,1.44463254E-01,2.23278405E-01,9.63990208E-01,1.44463254E-01,2.23278405E-01,1.00000000E+00,2,2,11024
66,11,24,0,7,2.75400700E+03,5.14303832E+04,1.08929198E-02,-4.53637602E-01,-8.91119672E-01,1.08929198E-02,-4.53637602E-01,-8.91119672E-01,1.00000000E+00,2,2,11024
66,11,24,0,7,1.36862602E+03,5.14303832E+04,7.69861275E-01,6.31487683E-01,-9.23954778E-02,7.69861275E-01,6.31487683E-01,-9.23954778E-02,1.00000000E+00,2,2,11024
67,11,24,0,3,8.11629479E+02,3.16328654E+04,2.89703132E-01,5.52179625E-01,7.81773469E-01,2.89703132E-01,5.52179625E-01,7.81773469E-01,1.00000000E+00,2,2,11024
67,11,24,0,7,2.75400700E+03,3.16328654E+04,-1.44620810E-02,-5.72946011E-01,-8.19465506E-01,-1.44620810E-02,-5.72946011E-01,-8.19465506E-01,1.00000000E+00,2,2,11024
67,11,24,0,7,1.36862602E+03,3.16328654E+04,2.47911172E-01,-6.97472941E-01,6.72362661E-01,2.47911172E-01,-6.97472941E-01,6.72362661E-01,1.00000000E+00,2,2,11024
68,11,24,0,3,4.75933015E+02,2.11598276E+05,1.62781164E-01,-4.55095928E-01,8.75437028E-01,1.62781164E-01,-4.55095928E-01,8.75437028E-01,1.00000000E+00,2,2,11024
68,11,24,0,7,2.75400700E+03,2.11598276E+05,-6.95982143E-01,-3.07326633E-01,6.48967793E-01,-6.95982143E-01,-3.07326633E-01,6.48967793E-01,1.00000000E+00,2,2,11024
68,11,24,0,7,1.36862602E+03,2.11598276E+05,8.22087651E-03,-2.75017513E-01,9.61404069E-01,8.22087651E-03,-2.75017513E-01,9.61404069E-01,1.00000000E+00,2,2,11024
69,11,24,0,3,8.54784753E+02,9.15900770E+03,-2.72917312E-01,-5.49600560E-01,-7.89591898E-01,-2.72917312E-01,-5.49600560E-01,-7.89591898E-01,1.00000000E+00,2,2,11024
69,11,24,0,7,2.75400700E+03,9.15900770E+03,-9.62789755E-01,1.20712393E-01,2.41794140E-01,-9.62789755E-01,1.20712393E-01,2.41794140E-01,1.00000000E+00,2,2,11024
69,11,24,0,7,1.36862602E+03,9.15900770E+03,-4.45844261E-01,-6.77889915E-02,8.92539942E-01,-4.45844261E-01,-6.77889915E-02,8.92539942E-01,1.00000000E+00,2,2,11024
70,11,24,0,3,9.73669192E+02,3.58950210E+03,7.70570641E-01,-3.46881629E-01,-5.34690586E-01,7.70570641E-01,-3.46881629E-01,-5.34690586E-01,1.00000000E+00,2,2,11024
70,11,24,0,7,2.75400700E+03,3.58950210E+03,4.11031325E-01,7.18886275E-01,5.60585206E-01,4.11031325E-01,7.18886275E-01,5.60585206E-01,1.00000000E+00,2,2,11024
70,11,24,0,7,1.36862602E+03,3.58950210E+03,5.11582318E-01,2.57829464E-01,-8.19638640E-01,5.11582318E-01,2.57829464E-01,-8.19638640E-01,1.00000000E+00,2,2,11024
71,11,24,0,3,2.97146220E+02,1.10289757E+05,-7.61511562E-02,6.74131193E-01,-7.34675531E-01,-7.61511562E-02,6.74131193E-01,-7.34675531E-01,1.00000000E+00,2,2,11024
71,11,24,0,7,2.75400700E+03,1.10289757E+05,-5.14303548E-01,-5.35463862E-01,6.69903212E-01,-5.14303548E-01,-5.35463862E-01,6.69903212E-01,1.00000000E+00,2,2,11024
71,11,24,0,7,1.36862602E+03,1.10289757E+05,-5.68246182E-01,-1.71747254E-01,-8.04735458E-01,-5.68246182E-01,-1.71747254E-01,-8.04735458E-01,1.00000000E+00,2,2,11024
72,11,24,0,3,1.98858194E+02,5.18573938E+04,-7.74797474E-01,2.37467067E-01,5.85916604E-01,-7.74797474E-01,2.37467067E-01,5.85916604E-01,1.00000000E+00,2,2,11024
72,11,24,0,7,2.75400700E+03,5.18573938E+04,-3.45775265E-01,-3.62285395E-01,8.65556907E-01,-3.45775265E-01,-3.62285395E-01,8.65556907E-01,1.00000000E+00,2,2,11024
72,11,24,0,7,1.36862602E+03,5.18573938E+04,1.31415137E-01,9.64248770E-01,-2.30118170E-01,1.31415137E-01,9.64248770E-01,-2.30118170E-01,1.00000000E+00,2,2,11024
73,11,24,0,3,2.25087413E+02,1.44847981E+05,1.58775024E-01,7.94947890E-01,-5.85532531E-01,1.58775024E-01,7.94947890E-01,-5.85532531E-01,1.00000000E+00,2,2,11024
73,11,24,0,7,2.75400700E+03,1.44847981E+05,-7.95296936E-01,2.79028693E-01,-5.38187488E-01,-7.95296936E-01,2.79028693E-01,-5.38187488E-01,1.00000000E+00,2,2,11024
73,11,24,0,7,1.36862602E+03,1.44847981E+05,4.06042420E-01,-6.84086184E-01,-6.05933697E-01,4.06042420E-01,-6.84086184E-01,-6.05933697E-01,1.00000000E+00,2,2,11024
74,11,24,0,3,8.49607810E+02,1.21919854E+03,9.41639559E-01,-1.44789249E-01,3.03893097E-01,9.41639559E-01,-1.44789249E-01,3.03893097E-01,1.00000000E+00,2,2,11024
74,11,24,0,7,2.75400700E+03,1.21919854E+03,-8.41826192E-01,-3.49582575E-01,-4.11242856E-01,-8.41826192E-01,-3.49582575E-01,-4.11242856E-01,1.00000000E+00,2,2,11024
74,11,24,0,7,1.36862602E+03,1.21919854E+03,-7.97407631E-01,-1.19886735E-01,-5.91412074E-01,-7.97407631E-01,-1.19886735E-01,-5.91412074E-01,1.00000000E+00,2,2,11024
75,11,24,0,3,2.09158526E+02,1.78102434E+04,3.81398875E-01,3.76842529E-01,8.44111726E-01,3.81398875E-01,3.76842529E-01,8.44111726E-01,1.00000000E+00,2,2,11024
75,11,24,0,7,2.75400700E+03,1.78102434E+04,-3.99999760E-02,-1.45782942E-01,-9.88507631E-01,-3.99999760E-02,-1.45782942E-01,-9.88507631E-01,1.00000000E+00,2,2,11024
75,11,24,0,7,1.36862602E+03,1.78102434E+04,-4.78548100E-01,-6.35144726E-01,6.06286148E-01,-4.78548100E-01,-6.35144726E-01,6.06286148E-01,1.00000000E+00,2,2,11024
76,11,24,0,3,7.63485980E+02,8.93362705E+03,8.85834219E-01,-4.62825728E-01,-3.30163756E-02,8.85834219E-01,-4.62825728E-01,-3.30163756E-02,1.00000000E+00,2,2,11024
76,11,24,0,7,2.75400700E+03,8.93362705E+03,-1.85383958E-01,-9.53248969E-01,-2.38640296E-01,-1.85383958E-01,-9.53248969E-01,-2.38640296E-01,1.00000000E+00,2,2,11024
76,11,24,0,7,1.36862602E+03,8.93362705E+03,-4.96356047E-01,-3.88569259E-02,-8.67248992E-01,-4.96356047E-01,-3.88569259E-02,-8.67248992E-01,1.00000000E+00,2,2,11024
77,11,24,0,3,7.52942018E+01,2.69519741E+04,8.08270924E-01,2.17394221E-01,5.47209162E-01,8.08270924E-01,2.17394221E-01,5.47209162E-01,1.00000000E+00,2,2,11024
77,11,24,0,7,2.75400700E+03,2.69519741E+04,2.19444683E-01,9.66867920E-01,1.30424143E-01,2.19444683E-01,9.66867920E-01,1.30424143E-01,1.00000000E+00,2,2,11024
77,11,24,0,7,1.36862602E+03,2.69519741E+04,-5.89198280E-01,4.18887147E-01,-6.90926150E-01,-5.89198280E-01,4.18887147E-01,-6.90926150E-01,1.00000000E+00,2,2,11024
78,11,24,0,3,7.20917544E+02,9.53307814E+04,1.51180756E-01,-4.72435090E-01,-8.68302634E-01,1.51180756E-01,-4.72435090E-01,-8.68302634E-01,1.00000000E+00,2,2,11024
78,11,24,0,7,2.75400700E+03,9.53307814E+04,-1.60943885E-01,7.59188342E-01,-6.30658487E-01,-1.60943885E-01,7.59188342E-01,-6.30658487E-01,1.00000000E+00,2,2,11024
78,11,24,0,7,1.36862602E+03,9.53307814E+04,7.28609143E-01,5.14104042E-01,4.52576789E-01,7.28609143E-01,5.14104042E-01,4.52576789E-01,1.00000000E+00,2,2,11024
79,11,24,0,3,4.11683510E+02,7.03845806E+03,-9.43345944E-01,-3.27189865E-01,5.51835342E-02,-9.43345944E-01,-3.27189865E-01,5.51835342E-02,1.00000000E+00,2,2,11024
79,11,24,0,7,2.75400700E+03,7.03845806E+03,6.71399534E-01,-6.40567531E-01,-3.72687408E-01,6.71399534E-01,-6.40567531E-01,-3.72687408E-01,1.00000000E+00,2,2,11024
79,11,24,0,7,1.36862602E+03,7.03845806E+03,-3.25793685E-01,-2.92568830E-01,-8.99033901E-01,-3.25793685E-01,-2.92568830E-01,-8.99033901E-01,1.00000000E+00,2,2,11024
80,11,24,0,3,5.25326693E+02,1.28672816E+04,2.66170333E-01,3.13471144E-01,9.11531237E-01,2.66170333E-01,3.13471144E-01,9.11531237E-01,1.00000000E+00,2,2,11024
80,11,24,0,7,2.75400700E+03,1.28672816E+04,-1.91718170E-01,-3.55235909E-01,9.14905237E-01,-1.91718170E-01,-3.55235909E-01,9.14905237E-01,1.00000000E+00,2,2,11024
80,11,24,0,7,1.36862602E+03,1.28672816E+04,2.85567597E-01,8.13297614E-01,5.06949839E-01,2.85567597E-01,8.13297614E-01,5.06949839E-01,1.00000000E+00,2,2,11024
81,11,24,0,3,6.36716866E+02,1.12081245E+05,-2.06274238E-01,-7.01219369E-01,6.82453175E-01,-2.06274238E-01,-7.01219369E-01,6.82453175E-01,1.00000000E+00,2,2,11024
81,11,24,0,7,2.75400700E+03,1.12081245E+05,-4.04190574E-01,-9.08241569E-01,-1.08292344E-01,-4.04190574E-01,-9.08241569E-01,-1.08292344E-01,1.00000000E+00,2,2,11024
81,11,24,0,7,1.36862602E+03,1.12081245E+05,-3.20636182E-01,4.07175639E-01,8.55219526E-01,-3.20636182E-01,4.07175639E-01,8.55219526E-01,1.00000000E+00,2,2,11024
82,11,24,0,3,2.95950428E+02,5.96673152E+04,4.06282004E-01,-3.35588998E-01,8.49891144E-01,4.06282004E-01,-3.35588998E-01,8.49891144E-01,1.00000000E+00,2,2,11024
82,11,24,0,7,2.75400700E+03,5.96673152E+04,-7.45502354E-03,-1.46562458E-01,-9.89173326E-01,-7.45502354E-03,-1.46562458E-01,-9.89173326E-01,1.00000000E+00,2,2,11024
82,11,24,0,7,1.36862602E+03,5.96673152E+04,-3.31917001E-01,4.75300334E-01,-8.14813290E-01,-3.31917001E-01,4.75300334E-01,-8.14813290E-01,1.00000000E+00,2,2,11024
83,11,24,0,3,1.03340416E+03,2.60740177E+05,8.77774674E-01,-2.17050432E-01,4.27083987E-01,8.77774674E-01,-2.17050432E-01,4.27083987E-01,1.00000000E+00,2,2,11024
83,11,24,0,7,2.75400700E+03,2.60740177E+05,-6.76508721E-01,-2.81147695E-01,-6.80655511E-01,-6.76508721E-01,-2.81147695E-01,-6.80655511E-01,1.00000000E+00,2,2,11024
83,11,24,0,7,1.36862602E+03,2.60740177E+05,1.97371917E-01,-6.76432820E-01,7.09565337E-01,1.97371917E-01,-6.76432820E-01,7.09565337E-01,1.00000000E+00,2,2,11024
84,11,24,0,3,9.75589308E+02,4.96305017E+03,4.20804457E-01,7.37823238E-01,5.27769343E-01,4.20804457E-01,7.37823238E-01,5.27769343E-01,1.00000000E+00,2,2,11024
84,11,24,0,7,2.75400700E+03,4.96305017E+03,4.64411160E-01,7.36171181E-01,-4.92315211E-01,4.64411160E-01,7.36171181E-01,-4.92315211E-01,1.00000000E+00,2,2,11024
84,11,24,0,7,1.36862602E+03,4.96305017E+03,-6.59831522E-01,7.19580321E-01,-2.16394372E-01,-6.59831522E-01,7.19580321E-01,-2.16394372E-01,1.00000000E+00,2,2,11024
85,11,24,0,3,7.59553070E+02,7.32640572E+04,-6.26756159E-01,3.39798460E-01,-7.01223020E-01,-6.26756159E-01,3.39798460E-01,-7.01223020E-01,1.00000000E+00,2,2,11024
85,11,24,0,7,2.75400700E+03,7.32640572E+04,8.85526225E-01,-1.32013849E-01,-4.45438715E-01,8.85526225E-01,-1.32013849E-01,-4.45438715E-01,1.00000000E+00,2,2,11024
85,11,24,0,7,1.36862602E+03,7.32640572E+04,6.75413859E-01,5.78417464E-01,4.57437818E-01,6.75413859E-01,5.78417464E-01,4.57437818E-01,1.00000000E+00,2,2,11024
86,11,24,0,3,8.03503961E+02,1.24174143E+05,-8.14250054E-02,-9.81522372E-01,1.73158316E-01,-8.14250054E-02,-9.81522372E-01,1.73158316E-01,1.00000000E+00,2,2,11024
86,11,24,0,7,2.75400700E+03,1.24174143E+05,-1.31801039E-01,-9.84825144E-01,-1.12906699E-01,-1.31801039E-01,-9.84825144E-01,-1.12906699E-01,1.00000000E+00,2,2,11024
86,11,24,0,7,1.36862602E+03,1.24174143E+05,1.24192227E-01,1.52633463E-02,-9.92140777E-01,1.24192227E-01,1.52633463E-02,-9.92140777E-01,1.00000000E+00,2,2,11024
87,11,24,0,3,3.62507514E+02,1.95172849E+05,-7.14785862E-01,3.24201536E-01,-6.19656788E-01,-7.14785862E-01,3.24201536E-01,-6.19656788E-01,1.00000000E+00,2,2,11024
87,11,24,0,7,2.75400700E+03,1.95172849E+05,8.89320192E-01,1.99962239E-01,-4.11247735E-01,8.89320192E-01,1.99962239E-01,-4.11247735E-01,1.00000000E+00,2,2,11024
87,11,24,0,7,1.36862602E+03,1.95172849E+05,8.64187894E-02,1.34136903E-01,9.87187461E-01,8.64187894E-02,1.34136903E-01,9.87187461E-01,1.00000000E+00,2,2,11024
88,11,24,0,3,8.20731107E+02,1.35757345E+05,4.56382097E-01,-3.63089544E-01,-8.12330822E-01,4.56382097E-01,-3.63089544E-01,-8.12330822E-01,1.00000000E+00,2,2,11024
88,11,24,0,7,2.75400700E+03,1.35757345E+05,4.08067064E-01,8.47388845E-01,3.39725502E-01,4.08067064E-01,8.47388845E-01,3.39725502E-01,1.00000000E+00,2,2,11024
88,11,24,0,7,1.36862602E+03,1.35757345E+05,-6.12600330E-01,-6.20115365E-01,4.90079350E-01,-6.12600330E-01,-6.20115365E-01,4.90079350E-01,1.00000000E+00,2,2,11024
89,11,24,0,3,3.12737709E+02,1.14640119E+05,7.11539398E-02,4.72912458E-01,-8.78231703E-01,7.11539398E-02,4.72912458E-01,-8.78231703E-01,1.00000000E+00,2,2,11024
89,11,24,0,7,2.75400700E+03,1.14640119E+05,-3.46672930E-01,-7.86484784E-01,-5.11135564E-01,-3.46672930E-01,-7.86484784E-01,-5.11135564E-01,1.00000000E+00,2,2,11024
89,11,24,0,7,1.36862602E+03,1.14640119E+05,-9.84241473E-01,9.89340451E-02,-1.46563223E-01,-9.84241473E-01,9.89340451E-02,-1.46563223E-01,1.00000000E+00,2,2,11024
90,11,24,0,3,1.55544047E+02,7.71228670E+04,2.91976937E-01,-2.28047591E-01,-9.28840010E-01,2.91976937E-01,-2.28047591E-01,-9.28840010E-01,1.00000000E+00,2,2,11024
90,11,24,0,7,2.75400700E+03,7.71228670E+04,-2.07578771E-01,9.16365835E-01,3.42322524E-01,-2.07578771E-01,9.16365835E-01,3.42322524E-01,1.00000000E+00,2,2,11024
90,11,24,0,7,1.36862602E+03,7.71228670E+04,-5.42518795E-01,-3.09098023E-01,7.81109320E-01,-5.42518795E-01,-3.09098023E-01,7.81109320E-01,1.00000000E+00,2,2,11024
91,11,24,0,3,7.07689190E+02,7.17368135E+04,-6.02539572E-01,-7.97860449E-01,-1.90989217E-02,-6.02539572E-01,-7.97860449E-01,-1.90989217E-02,1.00000000E+00,2,2,11024
91,11,24,0,7,2.75400700E+03,7.17368135E+04,-3.05162005E-01,6.04630005E-01,7.35730051E-01,-3.05162005E-01,6.04630005E-01,7.35730051E-01,1.00000000E+00,2,2,11024
91,11,24,0,7,1.36862602E+03,7.17368135E+04,7.99458743E-01,-1.44070141E-01,5.83189088E-01,7.99458743E-01,-1.44070141E-01,5.83189088E-01,1.00000000E+00,2,2,11024
92,11,24,0,3,3.48678585E+02,6.20044550E+03,6.51297855E-01,-5.81152152E-01,-4.87927536E-01,6.51297855E-01,-5.81152152E-01,-4.87927536E-01,1.00000000E+00,2,2,11024
92,11,24,0,7,2.75400700E+03,6.20044550E+03,4.76935667E-01,7.82089223E-01,4.01084551E-01,4.76935667E-01,7.82089223E-01,4.01084551E-01,1.00000000E+00,2,2,11024
92,11,24,0,7,1.36862602E+03,6.20044550E+03,1.54546074E-01,-8.45205538E-01,5.11608355E-01,1.54546074E-01,-8.45205538E-01,5.11608355E-01,1.00000000E+00,2,2,11024
93,11,24,0,3,6.42193441E+02,3.89844318E+05,-7.29732329E-01,-1.44696855E-01,-6.68246622E-01,-7.29732329E-01,-1.44696855E-01,-6.68246622E-01,1.00000000E+00,2,2,11024
93,11,24,0,7,2.75400700E+03,3.89844318E+05,6.30683263E-01,6.81153347E-01,-3.71845046E-01,6.30683263E-01,6.81153347E-01,-3.71845046E-01,1.00000000E+00,2,2,11024
93,11,24,0,7,1.36862602E+03,3.89844318E+05,-4.60622409E-01,-5.84671604E-01,-6.67821916E-01,-4.60622409E-01,-5.84671604E-01,-6.67821916E-01,1.00000000E+00,2,2,11024
94,11,24,0,3,8.71831012E+02,4.42726687E+04,-9.19841180E-01,3.87303374E-01,-6.23562346E-02,-9.19841180E-01,3.87303374E-01,-6.23562346E-02,1.00000000E+00,2,2,11024
94,11,24,0,7,2.75400700E+03,4.42726687E+04,2.33438701E-01,-9.60721538E-01,-1.50068313E-01,2.33438701E-01,-9.60721538E-01,-1.50068313E-01,1.00000000E+00,2,2,11024
94,11,24,0,7,1.36862602E+03,4.42726687E+04,2.10004050E-01,1.63496331E-01,-9.63933218E-01,2.10004050E-01,1.63496331E-01,-9.63933218E-01,1.00000000E+00,2,2,11024
95,11,24,0,3,4.84585742E+02,2.21537821E+04,-2.97081799E-01,-7.36712097E-01,6.07451801E-01,-2.97081799E-01,-7.36712097E-01,6.07451801E-01,1.00000000E+00,2,2,11024
95,11,24,0,7,2.75400700E+03,2.21537821E+04,-2.74483564E-01,9.61463356E-01,1.57158644E-02,-2.74483564E-01,9.61463356E-01,1.57158644E-02,1.00000000E+00,2,2,11024
95,11,24,0,7,1.36862602E+03,2.21537821E+04,-6.05367747E-01,6.51856408E-01,-4.56741847E-01,-6.05367747E-01,6.51856408E-01,-4.56741847E-01,1.00000000E+00,2,2,11024
96,11,24,0,3,9.31294535E+02,4.14777995E+03,3.96897823E-01,-4.21201454E-02,-9.16895857E-01,3.96897823E-01,-4.21201454E-02,-9.16895857E-01,1.00000000E+00,2,2,11024
96,11,24,0,7,2.75400700E+03,4.14777995E+03,-7.91833977E-01,4.61848865E-01,-3.99618040E-01,-7.91833977E-01,4.61848865E-01,-3.99618040E-01,1.00000000E+00,2,2,11024
96,11,24,0,7,1.36862602E+03,4.14777995E+03,9.73354598E-01,5.20528077E-02,-2.23318901E-01,9.73354598E-01,5.20528077E-02,-2.23318901E-01,1.00000000E+00,2,2,11024
97,11,24,0,3,8.32058566E+02,1.69671738E+05,-5.58527679E-02,-3.43453703E-01,-9.37507345E-01,-5.58527679E-02,-3.43453703E-01,-9.37507345E-01,1.00000000E+00,2,2,11024
97,11,24,0,7,2.75400700E+03,1.69671738E+05,-2.03346802E-01,8.32179201E-01,5.15875815E-01,-2.03346802E-01,8.32179201E-01,5.15875815E-01,1.00000000E+00,2,2,11024
97,11,24,0,7,1.36862602E+03,1.69671738E+05,7.08288340E-01,-5.78381632E-01,-4.04724987E-01,7.08288340E-01,-5.78381632E-01,-4.04724987E-01,1.00000000E+00,2,2,11024
98,11,24,0,3,2.67077702E+02,6.19390542E+04,6.88332873E-01,4.03814965E-01,-6.02603792E-01,6.88332873E-01,4.03814965E-01,-6.02603792E-01,1.00000000E+00,2,2,11024
98,11,24,0,7,2.75400700E+03,6.19390542E+04,3.03165975E-02,5.39476957E-01,8.41454406E-01,3.03165975E-02,5.39476957E-01,8.41454406E-01,1.00000000E+00,2,2,11024
98,11,24,0,7,1.36862602E+03,6.19390542E+04,9.18942514E-01,3.12939118E-01,2.40028673E-01,9.18942514E-01,3.12939118E-01,2.40028673E-01,1.00000000E+00,2,2,11024
99,11,24,0,3,2.42977885E+02,1.46284128E+05,-6.57834472E-01,-2.29013145E-01,7.17500375E-01,-6.57834472E-01,-2.29013145E-01,7.17500375E-01,1.00000000E+00,2,2,11024
99,11,24,0,7,2.75400700E+03,1.46284128E+05,2.24871711E-01,-9.58239641E-01,1.76662116E-01,2.24871711E-01,-9.58239641E-01,1.76662116E-01,1.00000000E+00,2,2,11024
99,11,24,0,7,1.36862602E+03,1.46284128E+05,3.29583623E-01,-6.17854441E-01,7.13884112E-01,3.29583623E-01,-6.17854441E-01,7.13884112E-01,1.00000000E+00,2,2,11024
100,11,24,0,3,3.68533445E+02,7.34476856E+04,-2.79187987E-01,-8.42286300E-01,-4.61094195E-01,-2.79187987E-01,-8.42286300E-01,-4.61094195E-01,1.00000000E+00,2,2,11024
100,11,24,0,7,2.75400700E+03,7.34476856E+04,3.37133756E-01,8.65759375E-01,-3.69866915E-01,3.37133756E-01,8.65759375E-01,-3.69866915E-01,1.00000000E+00,2,2,11024
100,11,24,0,7,1.36862602E+03,7.34476856E+04,-2.79109873E-01,9.47061240E-01,-1.58659024E-01,-2.79109873E-01,9.47061240E-01,-1.58659024E-01,1.00000000E+00,2,2,11024
101,11,24,0,3,2.24880501E+02,5.54270662E+04,-7.02826927E-01,7.00030251E-01,1.26459314E-01,-7.02826927E-01,7.00030251E-01,1.26459314E-01,1.00000000E+00,2,2,11024
101,11,24,0,7,2.75400700E+03,5.54270662E+04,1.81714687E-01,1.98204090E-01,-9.63169202E-01,1.81714687E-01,1.98204090E-01,-9.63169202E-01,1.00000000E+00,2,2,11024
101,11,24,0,7,1.36862602E+03,5.54270662E+04,4.92063190E-01,-6.49368276E-01,-5.79822955E-01,4.92063190E-01,-6.49368276E-01,-5.79822955E-01,1.00000000E+00,2,2,11024
102,11,24,0,3,3.26194387E+02,9.31274129E+03,4.91326536E-01,1.25822542E-01,-8.61839267E-01,4.91326536E-01,1.25822542E-01,-8.61839267E-01,1.00000000E+00,2,2,11024
102,11,24,0,7,2.75400700E+03,9.31274129E+03,5.33655094E-01,5.56499927E-01,6.36804579E-01,5.33655094E-01,5.56499927E-01,6.36804579E-01,1.00000000E+00,2,2,11024
102,11,24,0,7,1.36862602E+03,9.31274129E+03,-7.81273467E-01,5.23535663E-01,3.39885539E-01,-7.81273467E-01,5.23535663E-01,3.39885539E-01,1.00000000E+00,2,2,11024
103,11,24,0,3,4.41738906E+02,5.24197605E+04,-9.82757459E-01,4.06269385E-02,-1.80380788E-01,-9.82757459E-01,4.06269385E-02,-1.80380788E-01,1.00000000E+00,2,2,11024
103,11,24,0,7,2.75400700E+03,5.24197605E+04,-4.86352543E-01,-8.06198517E-01,3.36905262E-01,-4.86352543E-01,-8.06198517E-01,3.36905262E-01,1.00000000E+00,2,2,11024
103,11,24,0,7,1.36862602E+03,5.24197605E+04,8.40529364E-01,5.39492309E-01,4.95826232E-02,8.40529364E-01,5.39492309E-01,4.95826232E-02,1.00000000E+00,2,2,11024
104,11,24,0,3,4.92708440E+02,5.31924263E+04,2.72791858E-01,5.90427861E-01,-7.59591695E-01,2.72791858E-01,5.90427861E-01,-7.59591695E-01,1.00000000E+00,2,2,11024
104,11,24,0,7,2.75400700E+03,5.31924263E+04,-9.08844639E-01,4.16442806E-01,2.40169001E-02,-9.08844639E-01,4.16442806E-01,2.40169001E-02,1.00000000E+00,2,2,11024
104,11,24,0,7,1.36862602E+03,5.31924263E+04,7.79727081E-01,-2.55142872E-01,5.71776000E-01,7.79727081E-01,-2.55142872E-01,5.71776000E-01,1.00000000E+00,2,2,11024
105,11,24,0,3,6.63622867E+02,1.89681355E+05,4.02886052E-01,-9.10610916E-01,9.20358027E-02,4.02886052E-01,-9.10610916E-01,9.20358027E-02,1.00000000E+00,2,2,11024
105,11,24,0,7,2.75400700E+03,1.89681355E+05,5.63704535E-01,4.84336735E-01,6.69070343E-01,5.63704535E-01,4.84336735E-01,6.69070343E-01,1.00000000E+00,2,2,11024
105,11,24,0,7,1.36862602E+03,1.89681355E+05,2.46353248E-01,-9.55483353E-01,-1.62362676E-01,2.46353248E-01,-9.55483353E-01,-1.62362676E-01,1.00000000E+00,2,2,11024
106,11,24,0,3,6.65377865E+02,5.04395635E+04,1.16244190E-01,-1.15663332E-02,9.93153316E-01,1.16244190E-01,-1.15663332E-02,9.93153316E-01,1.00000000E+00,2,2,11024
106,11,24,0,7,2.75400700E+03,5.04395635E+04,-3.95979104E-01,-3.41230451E-01,-8.52503565E-01,-3.95979104E-01,-3.41230451E-01,-8.52503565E-01,1.00000000E+00,2,2,11024
106,11,24,0,7,1.36862602E+03,5.04395635E+04,9.16887096E-01,1.44832901E-01,-3.71942850E-01,9.16887096E-01,1.44832901E-01,-3.71942850E-01,1.00000000E+00,2,2,11024
107,11,24,0,3,3.65645057E+02,8.42916194E+04,-5.53224915E-01,2.97004127E-01,7.78287056E-01,-5.53224915E-01,2.97004127E-01,7.78287056E-01,1.00000000E+00,2,2,11024
107,11,24,0,7,2.75400700E+03,8.42916194E+04,2.49473732E-01,-4.08532142E-01,8.77988807E-01,2.49473732E-01,-4.08532142E-01,8.77988807E-01,1.00000000E+00,2,2,11024
107,11,24,0,7,1.36862602E+03,8.42916194E+04,-6.77039802E-01,4.86840075E-01,5.51909275E-01,-6.77039802E-01,4.86840075E-01,5.51909275E-01,1.00000000E+00,2,2,11024
108,11,24,0,3,8.55776122E+02,1.52390370E+04,-6.89700036E-01,6.74664859E-01,-2.62947121E-01,-6.89700036E-01,6.74664859E-01,-2.62947121E-01,1.00000000E+00,2,2,11024
108,11,24,0,7,2.75400700E+03,1.52390370E+04,-1.82826012E-02,-9.99203343E-01,-3.54742870E-02,-1.82826012E-02,-9.99203343E-01,-3.54742870E-02,1.00000000E+00,2,2,11024
108,11,24,0,7,1.36862602E+03,1.52390370E+04,-7.28480986E-01,-6.83608326E-01,-4.46666576E-02,-7.28480986E-01,-6.83608326E-01,-4.46666576E-02,1.00000000E+00,2,2,11024
109,11,24,0,3,3.71366141E+02,4.45238376E+02,1.88057634E-01,5.58816903E-01,8.07686817E-01,1.88057634E-01,5.58816903E-01,8.07686817E-01,1.00000000E+00,2,2,11024
109,11,24,0,7,2.75400700E+03,4.45238376E+02,2.39627825E-01,7.78903149E-01,-5.79558788E-01,2.39627825E-01,7.78903149E-01,-5.79558788E-01,1.00000000E+00,2,2,11024
109,11,24,0,7,1.36862602E+03,4.45238376E+02,-9.82065164E-01,8.06042695E-02,1.70443440E-01,-9.82065164E-01,8.06042695E-02,1.70443440E-01,1.00000000E+00,2,2,11024
110,11,24,0,3,7.85287810E+02,6.03756891E+03,-1.75667532E-01,1.58391658E-01,9.71623899E-01,-1.75667532E-01,1.58391658E-01,9.71623899E-01,1.00000000E+00,2,2,11024
110,11,24,0,7,2.75400700E+03,6.03756891E+03,-7.60993514E-01,1.75271319E-01,6.24634962E-01,-7.60993514E-01,1.75271319E-01,6.24634962E-01,1.00000000E+00,2,2,11024
110,11,24,0,7,1.36862602E+03,6.03756891E+03,-2.69172579E-01,-6.25283720E-01,-7.32506923E-01,-2.69172579E-01,-6.25283720E-01,-7.32506923E-01,1.00000000E+00,2,2,11024
111,11,24,0,3,1.82299600E+02,8.17305366E+04,4.60186537E-01,-8.87657444E-01,-1.71059367E-02,4.60186537E-01,-8.87657444E-01,-1.71059367E-02,1.00000000E+00,2,2,11024
111,11,24,0,7,2.75400700E+03,8.17305366E+04,4.63868820E-02,9.24332282E-01,3.78758616E-01,4.63868820E-02,9.24332282E-01,3.78758616E-01,1.00000000E+00,2,2,11024
111,11,24,0,7,1.36862602E+03,8.17305366E+04,-1.93762666E-01,-9.75851917E-01,-1.00841788E-01,-1.93762666E-01,-9.75851917E-01,-1.00841788E-01,1.00000000E+00,2,2,11024
112,11,24,0,3,4.97869681E+02,1.71437184E+05,2.36798308E-01,-8.47778998E-01,4.74549610E-01,2.36798308E-01,-8.47778998E-01,4.74549610E-01,1.00000000E+00,2,2,11024
112,11,24,0,7,2.75400700E+03,1.71437184E+05,-2.28942933E-01,6.11241570E-01,-7.57607337E-01,-2.28942933E-01,6.11241570E-01,-7.57607337E-01,1.00000000E+00,2,2,11024
112,11,24,0,7,1.36862602E+03,1.71437184E+05,-1.43112697E-01,-9.86248016E-01,-8.26656339E-02,-1.43112697E-01,-9.86248016E-01,-8.26656339E-02,1.00000000E+00,2,2,11024
113,11,24,0,3,1.03957225E+03,1.47124049E+05,-9.79488799E-01,9.74560844E-02,1.76363273E-01,-9.79488799E-01,9.74560844E-02,1.76363273E-01,1.00000000E+00,2,2,11024
113,11,24,0,7,2.75400700E+03,1.47124049E+05,9.36286992E-02,-3.64340624E-01,9.26547126E-01,9.36286992E-02,-3.64340624E-01,9.26547126E-01,1.00000000E+00,2,2,11024
113,11,24,0,7,1.36862602E+03,1.47124049E+05,5.70368687E-01,2.04960053E-01,-7.95406146E-01,5.70368687E-01,2.04960053E-01,-7.95406146E-01,1.00000000E+00,2,2,11024
114,11,24,0,3,5.17421264E+02,5.69828005E+03,-5.13722453E-01,-1.02277435E-01,-8.51838346E-01,-5.13722453E-01,-1.02277435E-01,-8.51838346E-01,1.00000000E+00,2,2,11024
114,11,24,0,7,2.75400700E+03,5.69828005E+03,9.40258120E-01,-3.57596845E-02,-3.38579257E-01,9.40258120E-01,-3.57596845E-02,-3.38579257E-01,1.00000000E+00,2,2,11024
114,11,24,0,7,1.36862602E+03,5.69828005E+03,5.73851737E-01,8.04317937E-01,1.54164976E-01,5.73851737E-01,8.04317937E-01,1.54164976E-01,1.00000000E+00,2,2,11024
115,11,24,0,3,5.52426700E+02,6.53274882E+04,9.95165866E-02,9.94391758E-01,3.57977741E-02,9.95165866E-02,9.94391758E-01,3.57977741E-02,1.00000000E+00,2,2,11024
115,11,24,0,7,2.75400700E+03,6.53274882E+04,-6.85930157E-01,-5.64193449E-01,4.59549313E-01,-6.85930157E-01,-5.64193449E-01,4.59549313E-01,1.00000000E+00,2,2,11024
115,11,24,0,7,1.36862602E+03,6.53274882E+04,-2.50371716E-01,7.05201833E-01,-6.63328258E-01,-2.50371716E-01,7.05201833E-01,-6.63328258E-01,1.00000000E+00,2,2,11024
116,11,24,0,3,4.05823153E+02,5.97124671E+04,2.82410556E-01,9.40668750E-01,1.88113214E-01,2.82410556E-01,9.40668750E-01,1.88113214E-01,1.00000000E+00,2,2,11024
116,11,24,0,7,2.75400700E+03,5.97124671E+04,8.79400386E-01,4.04372769E-01,-2.51272012E-01,8.79400386E-01,4.04372769E-01,-2.51272012E-01,1.00000000E+00,2,2,11024
116,11,24,0,7,1.36862602E+03,5.97124671E+04,-1.46749708E-01,7.66014028E-01,6.25849049E-01,-1.46749708E-01,7.66014028E-01,6.25849049E-01,1.00000000E+00,2,2,11024
117,11,24,0,3,9.70702775E+02,2.00224706E+04,6.89096547E-02,-9.67991966E-01,2.41335893E-01,6.89096547E-02,-9.67991966E-01,2.41335893E-01,1.00000000E+00,2,2,11024
117,11,24,0,7,2.75400700E+03,2.00224706E+04,-7.82510177E-01,-6.00196826E-01,1.65655041E-01,-7.82510177E-01,-6.00196826E-01,1.65655041E-01,1.00000000E+00,2,2,11024
117,11,24,0,7,1.36862602E+03,2.00224706E+04,3.89072154E-01,-3.24912797E-01,8.62006110E-01,3.89072154E-01,-3.24912797E-01,8.62006110E-01,1.00000000E+00,2,2,11024
118,11,24,0,3,5.81912154E+02,3.13564505E+04,6.83485652E-01,-6.96887302E-01,-2.17245143E-01,6.83485652E-01,-6.96887302E-01,-2.17245143E-01,1.00000000E+00,2,2,11024
118,11,24,0,7,2.75400700E+03,3.13564505E+04,4.82210814E-01,2.83460470E-01,-8.28928762E-01,4.82210814E-01,2.83460470E-01,-8.28928762E-01,1.00000000E+00,2,2,11024
118,11,24,0,7,1.36862602E+03,3.13564505E+04,9.28292240E-01,2.02065328E-01,-3.12158807E-01,9.28292240E-01,2.02065328E-01,-3.12158807E-01,1.00000000E+00,2,2,11024
119,11,24,0,3,2.72786354E+02,3.59644058E+04,-6.16734828E-02,3.77339299E-01,-9.24019175E-01,-6.16734828E-02,3.77339299E-01,-9.24019175E-01,1.00000000E+00,2,2,11024
119,11,24,0,7,2.75400700E+03,3.59644058E+04,-7.07141351E-01,-6.01033009E-01,3.72438495E-01,-7.07141351E-01,-6.01033009E-01,3.72438495E-01,1.00000000E+00,2,2,11024
119,11,24,0,7,1.36862602E+03,3.59644058E+04,5.15100189E-01,-5.72717211E-01,6.37704314E-01,5.15100189E-01,-5.72717211E-01,6.37704314E-01,1.00000000E+00,2,2,11024
120,11,24,0,3,8.47132363E+02,1.47476334E+05,8.22055776E-01,1.29978070E-01,5.54373522E-01,8.22055776E-01,1.29978070E-01,5.54373522E-01,1.00000000E+00,2,2,11024
120,11,24,0,7,2.75400700E+03,1.47476334E+05,7.63758196E-01,5.77164739E-01,2.89057575E-01,7.63758196E-01,5.77164739E-01,2.89057575E-01,1.00000000E+00,2,2,11024
120,11,24,0,7,1.36862602E+03,1.47476334E+05,9.57446975E-01,-2.72088360E-01,9.62455980E-02,9.57446975E-01,-2.72088360E-01,9.62455980E-02,1.00000000E+00,2,2,11024
121,11,24,0,3,3.44875362E+02,7.15575465E+04,-6.21999216E-01,-7.82607216E-01,2.53558807E-02,-6.21999216E-01,-7.82607216E-01,2.53558807E-02,1.00000000E+00,2,2,11024
121,11,24,0,7,2.75400700E+03,7.15575465E+04,4.89118685E-01,-8.72212485E-01,-2.87972350E-03,4.89118685E-01,-8.72212485E-01,-2.87972350E-03,1.00000000E+00,2,2,11024
121,11,24,0,7,1.36862602E+03,7.15575465E+04,-1.09767537E-01,-4.52761961E-01,-8.84848967E-01,-1.09767537E-01,-4.52761961E-01,-8.84848967E-01,1.00000000E+00,2,2,11024
122,11,24,0,3,5.88761442E+02,4.44636432E+04,1.44078908E-01,9.55999874E-01,-2.55549426E-01,1.44078908E-01,9.55999874E-01,-2.55549426E-01,1.00000000E+00,2,2,11024
122,11,24,0,7,2.75400700E+03,4.44636432E+04,-5.10964512E-01,-3.41685243E-01,7.88775292E-01,-5.10964512E-01,-3.41685243E-01,7.88775292E-01,1.00000000E+00,2,2,11024
122,11,24,0,7,1.36862602E+03,4.44636432E+04,2.87382335E-01,2.00209359E-01,9.36657678E-01,2.87382335E-01,2.00209359E-01,9.36657678E-01,1.00000000E+00,2,2,11024
123,11,24,0,3,4.67729042E+02,1.05583274E+03,1.88973879E-01,-6.98534629E-01,-6.90172620E-01,1.88973879E-01,-6.98534629E-01,-6.90172620E-01,1.00000000E+00,2,2,11024
123,11,24,0,7,2.75400700E+03,1.05583274E+03,9.67945677E-01,2.25385680E-01,1.10826269E-01,9.67945677E-01,2.25385680E-01,1.10826269E-01,1.00000000E+00,2,2,11024
123,11,24,0,7,1.36862602E+03,1.05583274E+03,-1.73852754E-01,2.85916586E-02,-9.84356509E-01,-1.73852754E-01,2.85916586E-02,-9.84356509E-01,1.00000000E+00,2,2,11024
124,11,24,0,3,1.05755266E+03,7.35808765E+04,2.28813571E-01,9.71972997E-01,-5.39707641E-02,2.28813571E-01,9.71972997E-01,-5.39707641E-02,1.00000000E+00,2,2,11024
124,11,24,0,7,2.75400700E+03,7.35808765E+04,-4.95710463E-01,-4.45465268E-01,-7.45541301E-01,-4.95710463E-01,-4.45465268E-01,-7.45541301E-01,1.00000000E+00,2,2,11024
124,11,24,0,7,1.36862602E+03,7.35808765E+04,-6.40433702E-01,-2.55811768E-01,-7.24158140E-01,-6.40433702E-01,-2.55811768E-01,-7.24158140E-01,1.00000000E+00,2,2,11024
125,11,24,0,3,9.77045900E+02,3.47163229E+05,-7.22183384E-01,-5.07703889E-01,4.69774329E-01,-7.22183384E-01,-5.07703889E-01,4.69774329E-01,1.00000000E+00,2,2,11024
125,11,24,0,7,2.75400700E+03,3.47163229E+05,-6.84892421E-02,3.34903678E-01,9.39759943E-01,-6.84892421E-02,3.34903678E-01,9.39759943E-01,1.00000000E+00,2,2,11024
125,11,24,0,7,1.36862602E+03,3.47163229E+05,-6.43657386E-01,-6.96288533E-01,-3.17627845E-01,-6.43657386E-01,-6.96288533E-01,-3.17627845E-01,1.00000000E+00,2,2,11024
126,11,24,0,3,1.13797329E+03,5.06277719E+04,2.08771231E-01,8.86357927E-01,4.13260448E-01,2.08771231E-01,8.86357927E-01,4.13260448E-01,1.00000000E+00,2,2,11024
126,11,24,0,7,2.75400700E+03,5.06277719E+04,-8.37899158E-02,-1.95300899E-01,-9.77157515E-01,-8.37899158E-02,-1.95300899E-01,-9.77157515E-01,1.00000000E+00,2,2,11024
126,11,24,0,7,1.36862602E+03,5.06277719E+04,-8.96693798E-01,-4.12287374E-01,1.61119068E-01,-8.96693798E-01,-4.12287374E-01,1.61119068E-01,1.00000000E+00,2,2,11024
127,11,24,0,3,4.79498458E+02,9.44591738E+04,-4.23760436E-01,-6.41091485E-02,9.03502689E-01,-4.23760436E-01,-6.41091485E-02,9.03502689E-01,1.00000000E+00,2,2,11024
127,11,24,0,7,2.75400700E+03,9.44591738E+04,5.00180088E-01,7.83636807E-01,-3.68419917E-01,5.00180088E-01,7.83636807E-01,-3.68419917E-01,1.00000000E+00,2,2,11024
127,11,24,0,7,1.36862602E+03,9.44591738E+04,8.00538021E-01,3.70682137E-01,4.70886006E-01,8.00538021E-01,3.70682137E-01,4.70886006E-01,1.00000000E+00,2,2,11024
128,11,24,0,3,3.27670962E+02,2.69351767E+04,-7.62993496E-01,-2.27374629E-01,-6.05096442E-01,-7.62993496E-01,-2.27374629E-01,-6.05096442E-01,1.00000000E+00,2,2,11024
128,11,24,0,7,2.75400700E+03,2.69351767E+04,9.58222031E-01,1.07565505E-01,-2.65028682E-01,9.58222031E-01,1.07565505E-01,-2.65028682E-01,1.00000000E+00,2,2,11024
128,11,24,0,7,1.36862602E+03,2.69351767E+04,3.10596830E-01,-7.62359054E-01,-5.67748432E-01,3.10596830E-01,-7.62359054E-01,-5.67748432E-01,1.00000000E+00,2,2,11024
129,11,24,0,3,5.08647631E+02,4.19561193E+03,-8.86334521E-01,3.94133492E-01,2.43043013E-01,-8.86334521E-01,3.94133492E-01,2.43043013E-01,1.00000000E+00,2,2,11024
129,11,24,0,7,2.75400700E+03,4.19561193E+03,-7.28512256E-01,-6.02750447E-01,3.25517729E-01,-7.28512256E-01,-6.02750447E-01,3.25517729E-01,1.00000000E+00,2,2,11024
129,11,24,0,7,1.36862602E+03,4.19561193E+03,2.55978018E-01,5.98626404E-01,-7.59026800E-01,2.55978018E-01,5.98626404E-01,-7.59026800E-01,1.00000000E+00,2,2,11024
130,11,24,0,3,7.20393935E+02,4.93290330E+03,8.22708873E-01,4.20735655E-01,-3.82271655E-01,8.22708873E-01,4.20735655E-01,-3.82271655E-01,1.00000000E+00,2,2,11024
130,11,24,0,7,2.75400700E+03,4.93290330E+03,2.36897331E-01,-7.57521586E-01,-6.08309708E-01,2.36897331E-01,-7.57521586E-01,-6.08309708E-01,1.00000000E+00,2,2,11024
130,11,24,0,7,1.36862602E+03,4.93290330E+03,-5.09400143E-01,7.41061229E-01,4.37423992E-01,-5.09400143E-01,7.41061229E-01,4.37423992E-01,1.00000000E+00,2,2,11024
131,11,24,0,3,3.11305721E+02,1.27761344E+05,7.31982703E-01,6.41728469E-01,-2.28879651E-01,7.31982703E-01,6.41728469E-01,-2.28879651E-01,1.00000000E+00,2,2,11024
131,11,24,0,7,2.75400700E+03,1.27761344E+05,7.54274798E-01,-1.17308488E-01,6.45994000E-01,7.54274798E-01,-1.17308488E-01,6.45994000E-01,1.00000000E+00,2,2,11024
131,11,24,0,7,1.36862602E+03,1.27761344E+05,2.30798778E-01,2.63918171E-01,-9.36525025E-01,2.30798778E-01,2.63918171E-01,-9.36525025E-01,1.00000000E+00,2,2,11024
132,11,24,0,3,5.06117884E+02,1.44046000E+05,7.61414673E-01,-4.88074942E-01,4.26650380E-01,7.61414673E-01,-4.88074942E-01,4.26650380E-01,1.00000000E+00,2,2,11024
132,11,24,0,7,2.75400700E+03,1.44046000E+05,9.87055093E-01,-1.48643745E-01,-6.02269039E-02,9.87055093E-01,-1.48643745E-01,-6.02269039E-02,1.00000000E+00,2,2,11024
132,11,24,0,7,1.36862602E+03,1.44046000E+05,-1.44805017E-01,-5.16648418E-01,-8.43863685E-01,-1.44805017E-01,-5.16648418E-01,-8.43863685E-01,1.00000000E+00,2,2,11024
133,11,24,0,3,4.94303643E+02,2.39477858E+04,-7.48705853E-01,6.57172349E-01,-8.69715443E-02,-7.48705853E-01,6.57172349E-01,-8.69715443E-02,1.00000000E+00,2,2,11024
133,11,24,0,7,2.75400700E+03,2.39477858E+04,-7.71269340E-01,5.74043568E-01,2.74986520E-01,-7.71269340E-01,5.74043568E-01,2.74986520E-01,1.00000000E+00,2,2,11024
133,11,24,0,7,1.36862602E+03,2.39477858E+04,-7.69229944E-01,-1.46568471E-01,6.21934865E-01,-7.69229944E-01,-1.46568471E-01,6.21934865E-01,1.00000000E+00,2,2,11024
134,11,24,0,3,1.88925183E+02,7.17842514E+04,9.81408590E-01,6.24048610E-02,-1.81501552E-01,9.81408590E-01,6.24048610E-02,-1.81501552E-01,1.00000000E+00,2,2,11024
134,11,24,0,7,2.75400700E+03,7.17842514E+04,3.57575868E-01,6.19401175E-01,6.98914646E-01,3.57575868E-01,6.19401175E-01,6.98914646E-01,1.00000000E+00,2,2,11024
134,11,24,0,7,1.36862602E+03,7.17842514E+04,-6.61545698E-01,-7.81579959E-02,7.45820767E-01,-6.61545698E-01,-7.81579959E-02,7.45820767E-01,1.00000000E+00,2,2,11024
135,11,24,0,3,5.84695340E+02,1.95275392E+05,4.71659456E-01,8.44963841E-01,2.52137788E-01,4.71659456E-01,8.44963841E-01,2.52137788E-01,1.00000000E+00,2,2,11024
135,11,24,0,7,2.75400700E+03,1.95275392E+05,-1.94897276E-01,7.06477294E-01,6.80371138E-01,-1.94897276E-01,7.06477294E-01,6.80371138E-01,1.00000000E+00,2,2,11024
135,11,24,0,7,1.36862602E+03,1.95275392E+05,-1.14362745E-01,8.43429568E-01,5.24926402E-01,-1.14362745E-01,8.43429568E-01,5.24926402E-01,1.00000000E+00,2,2,11024
136,11,24,0,3,6.87881016E+02,1.23463799E+05,-1.63699172E-01,-6.84136792E-01,-7.10745686E-01,-1.63699172E-01,-6.84136792E-01,-7.10745686E-01,1.00000000E+00,2,2,11024
136,11,24,0,7,2.75400700E+03,1.23463799E+05,-2.15153245E-01,7.86710863E-01,-5.78614811E-01,-2.15153245E-01,7.86710863E-01,-5.78614811E-01,1.00000000E+00,2,2,11024
136,11,24,0,7,1.36862602E+03,1.23463799E+05,7.28834522E-01,1.99699814E-02,6.84398597E-01,7.28834522E-01,1.99699814E-02,6.84398597E-01,1.00000000E+00,2,2,11024
137,11,24,0,3,7.93164906E+01,7.63107624E+04,-4.31556293E-02,2.34352552E-01,-9.71193324E-01,-4.31556293E-02,2.34352552E-01,-9.71193324E-01,1.00000000E+00,2,2,11024
137,11,24,0,7,2.75400700E+03,7.63107624E+04,-7.28633321E-02,-3.33427408E-01,-9.39955902E-01,-7.28633321E-02,-3.33427408E-01,-9.39955902E-01,1.00000000E+00,2,2,11024
137,11,24,0,7,1.36862602E+03,7.63107624E+04,-8.90054458E-01,-4.32406443E-01,-1.44318151E-01,-8.90054458E-01,-4.32406443E-01,-1.44318151E-01,1.00000000E+00,2,2,11024
138,11,24,0,3,7.77667387E+02,4.36845009E+04,-1.66686291E-01,9.26105082E-01,3.38445057E-01,-1.66686291E-01,9.26105082E-01,3.38445057E-01,1.00000000E+00,2,2,11024
138,11,24,0,7,2.75400700E+03,4.36845009E+04,9.85688002E-03,-7.43095478E-01,6.69112810E-01,9.85688002E-03,-7.43095478E-01,6.69112810E-01,1.00000000E+00,2,2,11024
138,11,24,0,7,1.36862602E+03,4.36845009E+04,5.11691740E-01,5.09809089E-01,-6.91567969E-01,5.11691740E-01,5.09809089E-01,-6.91567969E-01,1.00000000E+00,2,2,11024
139,11,24,0,3,7.83710607E+02,1.20038610E+04,-5.04201375E-01,8.17752700E-01,2.77599523E-01,-5.04201375E-01,8.17752700E-01,2.77599523E-01,1.00000000E+00,2,2,11024
139,11,24,0,7,2.75400700E+03,1.20038610E+04,2.91438640E-02,9.03752885E-01,-4.27061305E-01,2.91438640E-02,9.03752885E-01,-4.27061305E-01,1.00000000E+00,2,2,11024
139,11,24,0,7,1.36862602E+03,1.20038610E+04,2.19153392E-01,7.17085902E-01,-6.61634038E-01,2.19153392E-01,7.17085902E-01,-6.61634038E-01,1.00000000E+00,2,2,11024
140,11,24,0,3,5.50315078E+02,5.59958346E+04,7.73656810E-01,-2.20675341E-01,5.93933948E-01,7.73656810E-01,-2.20675341E-01,5.93933948E-01,1.00000000E+00,2,2,11024
140,11,24,0,7,2.75400700E+03,5.59958346E+04,7.12548221E-01,-2.47581975E-01,6.56489297E-01,7.12548221E-01,-2.47581975E-01,6.56489297E-01,1.00000000E+00,2,2,11024
140,11,24,0,7,1.36862602E+03,5.59958346E+04,2.71907043E-01,9.62247197E-01,-1.21198854E-02,2.71907043E-01,9.62247197E-01,-1.21198854E-02,1.00000000E+00,2,2,11024
141,11,24,0,3,6.73451407E+02,8.80834881E+04,-9.01631162E-01,4.32428643E-01,8.16797204E-03,-9.01631162E-01,4.32428643E-01,8.16797204E-03,1.00000000E+00,2,2,11024
141,11,24,0,7,2.75400700E+03,8.80834881E+04,9.88878089E-02,-5.64846651E-01,-8.19249328E-01,9.88878089E-02,-5.64846651E-01,-8.19249328E-01,1.00000000E+00,2,2,11024
141,11,24,0,7,1.36862602E+03,8.80834881E+04,-8.95761854E-01,1.91196774E-01,-4.01315954E-01,-8.95761854E-01,1.91196774E-01,-4.01315954E-01,1.00000000E+00,2,2,11024
142,11,24,0,3,1.13410045E+02,4.36671073E+04,8.71903181E-01,4.80902143E-01,9.22928567E-02,8.71903181E-01,4.80902143E-01,9.22928567E-02,1.00000000E+00,2,2,11024
142,11,24,0,7,2.75400700E+03,4.36671073E+04,-6.38375797E-01,7.66575293E-01,6.95604914E-02,-6.38375797E-01,7.66575293E-01,6.95604914E-02,1.00000000E+00,2,2,11024
142,11,24,0,7,1.36862602E+03,4.36671073E+04,-3.74915235E-01,-7.79580265E-01,-5.01690320E-01,-3.74915235E-01,-7.79580265E-01,-5.01690320E-01,1.00000000E+00,2,2,11024
143,11,24,0,3,4.63795176E+02,1.60415153E+04,-5.48734216E-01,6.09715690E-01,5.71959384E-01,-5.48734216E-01,6.09715690E-01,5.71959384E-01,1.00000000E+00,2,2,11024
143,11,24,0,7,2.75400700E+03,1.60415153E+04,8.29874873E-01,-3.82667950E-01,4.06045484E-01,8.29874873E-01,-3.82667950E-01,4.06045484E-01,1.00000000E+00,2,2,11024
143,11,24,0,7,1.36862602E+03,1.60415153E+04,-6.24413964E-01,7.79706789E-01,4.65244481E-02,-6.24413964E-01,7.79706789E-01,4.65244481E-02,1.00000000E+00,2,2,11024
144,11,24,0,3,1.11139206E+03,2.71218257E+03,1.20287510E-01,-5.43872260E-01,8.30502185E-01,1.20287510E-01,-5.43872260E-01,8.30502185E-01,1.00000000E+00,2,2,11024
144,11,24,0,7,2.75400700E+03,2.71218257E+03,8.18549965E-01,-2.47907147E-01,-5.18187226E-01,8.18549965E-01,-2.47907147E-01,-5.18187226E-01,1.00000000E+00,2,2,11024
144,11,24,0,7,1.36862602E+03,2.71218257E+03,4.80227149E-01,4.23774095E-01,7.67982683E-01,4.80227149E-01,4.23774095E-01,7.67982683E-01,1.00000000E+00,2,2,11024
145,11,24,0,3,1.88989836E+02,1.16912604E+04,6.62464203E-01,-4.58068177E-01,-5.92718082E-01,6.62464203E-01,-4.58068177E-01,-5.92718082E-01,1.00000000E+00,2,2,11024
145,11,24,0,7,2.75400700E+03,1.16912604E+04,8.39477640E-01,-8.33867560E-02,5.36958043E-01,8.39477640E-01,-8.33867560E-02,5.36958043E-01,1.00000000E+00,2,2,11024
145,11,24,0,7,1.36862602E+03,1.16912604E+04,-1.53354302E-01,9.16403808E-01,-3.69711400E-01,-1.53354302E-01,9.16403808E-01,-3.69711400E-01,1.00000000E+00,2,2,11024
146,11,24,0,3,4.94669443E+02,1.00991737E+05,2.81381596E-01,-6.86999048E-02,9.57133596E-01,2.81381596E-01,-6.86999048E-02,9.57133596E-01,1.00000000E+00,2,2,11024
146,11,24,0,7,2.75400700E+03,1.00991737E+05,-4.33170906E-01,-4.24774594E-01,-7.94939941E-01,-4.33170906E-01,-4.24774594E-01,-7.94939941E-01,1.00000000E+00,2,2,11024
146,11,24,0,7,1.36862602E+03,1.00991737E+05,8.40669121E-01,1.91855477E-01,5.06425616E-01,8.40669121E-01,1.91855477E-01,5.06425616E-01,1.00000000E+00,2,2,11024
147,11,24,0,3,6.79510140E+02,7.15190189E+04,2.88478671E-01,-7.96075652E-01,5.32018433E-01,2.88478671E-01,-7.96075652E-01,5.32018433E-01,1.00000000E+00,2,2,11024
147,11,24,0,7,2.75400700E+03,7.15190189E+04,-8.51302654E-02,4.11227210E-02,-9.95520848E-01,-8.51302654E-02,4.11227210E-02,-9.95520848E-01,1.00000000E+00,2,2,11024
147,11,24,0,7,1.36862602E+03,7.15190189E+04,9.45793042E-01,-1.45341542E-01,2.90433051E-01,9.45793042E-01,-1.45341542E-01,2.90433051E-01,1.00000000E+00,2,2,11024
148,11,24,0,3,1.73970934E+02,1.19195328E+05,-4.26498653E-02,-8.84155000E-01,4.65242866E-01,-4.26498653E-02,-8.84155000E-01,4.65242866E-01,1.00000000E+00,2,2,11024
148,11,24,0,7,2.75400700E+03,1.19195328E+05,-2.57947818E-01,-1.76524654E-01,-9.49895768E-01,-2.57947818E-01,-1.76524654E-01,-9.49895768E-01,1.00000000E+00,2,2,11024
148,11,24,0,7,1.36862602E+03,1.19195328E+05,6.23803220E-01,-4.81640539E-01,-6.15541984E-01,6.23803220E-01,-4.81640539E-01,-6.15541984E-01,1.00000000E+00,2,2,11024
149,11,24,0,3,1.19321668E+03,1.09138760E+05,-9.16951108E-01,3.68851241E-01,1.52149359E-01,-9.16951108E-01,3.68851241E-01,1.52149359E-01,1.00000000E+00,2,2,11024
149,11,24,0,7,2.75400700E+03,1.09138760E+05,-6.08945654E-01,-2.88139799E-01,-7.39026824E-01,-6.08945654E-01,-2.88139799E-01,-7.39026824E-01,1.00000000E+00,2,2,11024
149,11,24,0,7,1.36862602E+03,1.09138760E+05,7.57448820E-01,-5.20674480E-02,-6.50815079E-01,7.57448820E-01,-5.20674480E-02,-6.50815079E-01,1.00000000E+00,2,2,11024
150,11,24,0,3,1.02140814E+03,5.41874338E+04,-3.24166168E-01,4.75529562E-01,-8.17794553E-01,-3.24166168E-01,4.75529562E-01,-8.17794553E-01,1.00000000E+00,2,2,11024
150,11,24,0,7,2.75400700E+03,5.41874338E+04,-2.05496696E-01,9.51070624E-01,-2.30728792E-01,-2.05496696E-01,9.51070624E-01,-2.30728792E-01,1.00000000E+00,2,2,11024
150,11,24,0,7,1.36862602E+03,5.41874338E+04,-9.23887911E-01,1.90508303E-02,-3.82188688E-01,-9.23887911E-01,1.90508303E-02,-3.82188688E-01,1.00000000E+00,2,2,11024
151,11,24,0,3,1.80727467E+02,2.36108176E+04,-7.27184682E-03,-1.88796868E-01,9.81989238E-01,-7.27184682E-03,-1.88796868E-01,9.81989238E-01,1.00000000E+00,2,2,11024
151,11,24,0,7,2.75400700E+03,2.36108176E+04,3.58363917E-01,9.08103920E-02,-9.29154872E-01,3.58363917E-01,9.08103920E-02,-9.29154872E-01,1.00000000E+00,2,2,11024
151,11,24,0,7,1.36862602E+03,2.36108176E+04,4.68595407E-01,-7.86873366E-01,4.01557780E-01,4.68595407E-01,-7.86873366E-01,4.01557780E-01,1.00000000E+00,2,2,11024
152,11,24,0,3,2.19230992E+02,7.21487165E+04,2.66219980E-01,5.14664476E-02,-9.62537338E-01,2.66219980E-01,5.14664476E-02,-9.62537338E-01,1.00000000E+00,2,2,11024
152,11,24,0,7,2.75400700E+03,7.21487165E+04,7.30570027E-01,-6.15294295E-01,-2.96108707E-01,7.30570027E-01,-6.15294295E-01,-2.96108707E-01,1.00000000E+00,2,2,11024
152,11,24,0,7,1.36862602E+03,7.21487165E+04,5.50840353E-01,5.68436880E-01,6.11109171E-01,5.50840353E-01,5.68436880E-01,6.11109171E-01,1.00000000E+00,2,2,11024
153,11,24,0,3,2.62409082E+02,2.85894273E+04,8.95459449E-01,-3.44344722E-01,2.82097657E-01,8.95459449E-01,-3.44344722E-01,2.82097657E-01,1.00000000E+00,2,2,11024
153,11,24,0,7,2.75400700E+03,2.85894273E+04,8.19870085E-01,-2.24535735E-01,5.26684676E-01,8.19870085E-01,-2.24535735E-01,5.26684676E-01,1.00000000E+00,2,2,11024
153,11,24,0,7,1.36862602E+03,2.85894273E+04,4.81113869E-01,-5.25926145E-01,7.01378026E-01,4.81113869E-01,-5.25926145E-01,7.01378026E-01,1.00000000E+00,2,2,11024
154,11,24,0,3,4.85450908E+02,4.66001371E+04,8.93705382E-01,-2.08260759E-01,-3.97389161E-01,8.93705382E-01,-2.08260759E-01,-3.97389161E-01,1.00000000E+00,2,2,11024
154,11,24,0,7,2.75400700E+03,4.66001371E+04,-8.16558008E-01,-5.56053839E-01,1.55039185E-01,-8.16558008E-01,-5.56053839E-01,1.55039185E-01,1.00000000E+00,2,2,11024
154,11,24,0,7,1.36862602E+03,4.66001371E+04,2.19411617E-01,9.16683164E-01,-3.33991796E-01,2.19411617E-01,9.16683164E-01,-3.33991796E-01,1.00000000E+00,2,2,11024
155,11,24,0,3,8.91668156E+02,2.36799063E+05,-3.38080385E-01,-4.46211670E-01,-8.28611368E-01,-3.38080385E-01,-4.46211670E-01,-8.28611368E-01,1.00000000E+00,2,2,11024
155,11,24,0,7,2.75400700E+03,2.36799063E+05,-4.17095207E-01,8.22871471E-01,-3.85893936E-01,-4.17095207E-01,8.22871471E-01,-3.85893936E-01,1.00000000E+00,2,2,11024
155,11,24,0,7,1.36862602E+03,2.36799063E+05,-9.26556692E-02,9.90171246E-01,1.04765599E-01,-9.26556692E-02,9.90171246E-01,1.04765599E-01,1.00000000E+00,2,2,11024
156,11,24,0,3,4.57268490E+02,2.92255096E+04,-1.62088814E-01,-9.19970165E-01,-3.56906307E-01,-1.62088814E-01,-9.19970165E-01,-3.56906307E-01,1.00000000E+00,2,2,11024
156,11,24,0,7,2.75400700E+03,2.92255096E+04,-3.70456637E-01,2.58870683E-02,-9.28488955E-01,-3.70456637E-01,2.58870683E-02,-9.28488955E-01,1.00000000E+00,2,2,11024
156,11,24,0,7,1.36862602E+03,2.92255096E+04,-7.29441565E-01,6.79963496E-01,7.45965636E-02,-7.29441565E-01,6.79963496E-01,7.45965636E-02,1.00000000E+00,2,2,11024
157,11,24,0,3,4.30628265E+02,2.20546540E+05,1.02091413E-01,-2.84031140E-02,-9.94369452E-01,1.02091413E-01,-2.84031140E-02,-9.94369452E-01,1.00000000E+00,2,2,11024
157,11,24,0,7,2.75400700E+03,2.20546540E+05,-1.40100488E-01,-9.83084606E-01,-1.17968259E-01,-1.40100488E-01,-9.83084606E-01,-1.17968259E-01,1.00000000E+00,2,2,11024
157,11,24,0,7,1.36862602E+03,2.20546540E+05,-3.71050089E-01,-7.30350166E-01,5.73507163E-01,-3.71050089E-01,-7.30350166E-01,5.73507163E-01,1.00000000E+00,2,2,11024
158,11,24,0,3,4.94028389E+02,6.20554133E+04,7.31479321E-01,-6.40216365E-01,2.34650823E-01,7.31479321E-01,-6.40216365E-01,2.34650823E-01,1.00000000E+00,2,2,11024
158,11,24,0,7,2.75400700E+03,6.20554133E+04,5.34955618E-01,-7.75362374E-03,-8.44844582E-01,5.34955618E-01,-7.75362374E-03,-8.44844582E-01,1.00000000E+00,2,2,11024
158,11,24,0,7,1.36862602E+03,6.20554133E+04,-2.21324057E-01,2.20859977E-01,-9.49861323E-01,-2.21324057E-01,2.20859977E-01,-9.49861323E-01,1.00000000E+00,2,2,11024
159,11,24,0,3,4.13094123E+02,3.55041956E+04,8.81448232E-01,-2.05867258E-01,-4.25050217E-01,8.81448232E-01,-2.05867258E-01,-4.25050217E-01,1.00000000E+00,2,2,11024
159,11,24,0,7,2.75400700E+03,3.55041956E+04,-8.31452752E-01,-3.35827636E-01,4.42612833E-01,-8.31452752E-01,-3.35827636E-01,4.42612833E-01,1.00000000E+00,2,2,11024
159,11,24,0,7,1.36862602E+03,3.55041956E+04,-2.95848218E-01,5.10771174E-01,-8.07209167E-01,-2.95848218E-01,5.10771174E-01,-8.07209167E-01,1.00000000E+00,2,2,11024
160,11,24,0,3,1.25608748E+03,2.31059003E+03,-8.65622486E-02,-6.35487275E-01,-7.67243704E-01,-8.65622486E-02,-6.35487275E-01,-7.67243704E-01,1.00000000E+00,2,2,11024
160,11,24,0,7,2.75400700E+03,2.31059003E+03,2.88967373E-01,6.04765185E-01,7.42129995E-01,2.88967373E-01,6.04765185E-01,7.42129995E-01,1.00000000E+00,2,2,11024
160,11,24,0,7,1.36862602E+03,2.31059003E+03,-4.23145629E-01,7.26616972E-02,9.03143430E-01,-4.23145629E-01,7.26616972E-02,9.03143430E-01,1.00000000E+00,2,2,11024
161,11,24,0,3,5.12213762E+02,3.99282145E+04,-6.37815687E-01,-6.08071861E-01,4.72694152E-01,-6.37815687E-01,-6.08071861E-01,4.72694152E-01,1.00000000E+00,2,2,11024
161,11,24,0,7,2.75400700E+03,3.99282145E+04,3.56138404E-01,-9.98469360E-02,9.29083433E-01,3.56138404E-01,-9.98469360E-02,9.29083433E-01,1.00000000E+00,2,2,11024
161,11,24,0,7,1.36862602E+03,3.99282145E+04,2.52575430E-01,-8.34124996E-02,-9.63975107E-01,2.52575430E-01,-8.34124996E-02,-9.63975107E-01,1.00000000E+00,2,2,11024
162,11,24,0,3,3.11110424E+02,6.59959072E+04,-7.00241335E-02,3.63192951E-01,-9.29078846E-01,-7.00241335E-02,3.63192951E-01,-9.29078846E-01,1.00000000E+00,2,2,11024
162,11,24,0,7,2.75400700E+03,6.59959072E+04,-1.23550756E-01,-7.28022266E-01,-6.74328400E-01,-1.23550756E-01,-7.28022266E-01,-6.74328400E-01,1.00000000E+00,2,2,11024
162,11,24,0,7,1.36862602E+03,6.59959072E+04,1.11509471E-01,-1.25651437E-01,9.85787682E-01,1.11509471E-01,-1.25651437E-01,9.85787682E-01,1.00000000E+00,2,2,11024
163,11,24,0,3,5.25526084E+02,9.48682290E+02,8.33603163E-02,-6.29130572E-01,7.72816783E-01,8.33603163E-02,-6.29130572E-01,7.72816783E-01,1.00000000E+00,2,2,11024
163,11,24,0,7,2.75400700E+03,9.48682290E+02,4.27123813E-01,1.90862133E-01,8.83819492E-01,4.27123813E-01,1.90862133E-01,8.83819492E-01,1.00000000E+00,2,2,11024
163,11,24,0,7,1.36862602E+03,9.48682290E+02,-8.17402129E-01,1.28356184E-01,5.61585656E-01,-8.17402129E-01,1.28356184E-01,5.61585656E-01,1.00000000E+00,2,2,11024
164,11,24,0,3,1.03619953E+03,3.56067622E+04,-1.49495346E-01,-3.50638944E-01,-9.24501743E-01,-1.49495346E-01,-3.50638944E-01,-9.24501743E-01,1.00000000E+00,2,2,11024
164,11,24,0,7,2.75400700E+03,3.56067622E+04,-2.18405786E-01,-3.22434544E-01,9.21050964E-01,-2.18405786E-01,-3.22434544E-01,9.21050964E-01,1.00000000E+00,2,2,11024
164,11,24,0,7,1.36862602E+03,3.56067622E+04,-6.17640739E-01,-6.38211822E-01,-4.59571090E-01,-6.17640739E-01,-6.38211822E-01,-4.59571090E-01,1.00000000E+00,2,2,11024
165,11,24,0,3,4.64706374E+02,6.57154772E+04,4.91579781E-01,6.93145308E-01,-5.27161172E-01,4.91579781E-01,6.93145308E-01,-5.27161172E-01,1.00000000E+00,2,2,11024
165,11,24,0,7,2.75400700E+03,6.57154772E+04,-3.38333208E-01,7.76736015E-01,5.31236108E-01,-3.38333208E-01,7.76736015E-01,5.31236108E-01,1.00000000E+00,2,2,11024
165,11,24,0,7,1.36862602E+03,6.57154772E+04,5.54363920E-01,8.17354140E-01,1.56884845E-01,5.54363920E-01,8.17354140E-01,1.56884845E-01,1.00000000E+00,2,2,11024
166,11,24,0,3,6.60710812E+02,2.32230829E+05,-3.64334999E-02,8.13200935E-01,5.80841493E-01,-3.64334999E-02,8.13200935E-01,5.80841493E-01,1.00000000E+00,2,2,11024
166,11,24,0,7,2.75400700E+03,2.32230829E+05,-9.96469587E-01,-8.20049659E-02,-1.79874556E-02,-9.96469587E-01,-8.20049659E-02,-1.79874556E-02,1.00000000E+00,2,2,11024
166,11,24,0,7,1.36862602E+03,2.32230829E+05,-1.21901071E-01,-8.93167295E-01,-4.32888337E-01,-1.21901071E-01,-8.93167295E-01,-4.32888337E-01,1.00000000E+00,2,2,11024
167,11,24,0,3,2.40744955E+02,3.93646786E+04,-2.90360484E-01,-2.19570913E-01,-9.31385744E-01,-2.90360484E-01,-2.19570913E-01,-9.31385744E-01,1.00000000E+00,2,2,11024
167,11,24,0,7,2.75400700E+03,3.93646786E+04,-8.54971117E-01,4.99623330E-01,1.39287179E-01,-8.54971117E-01,4.99623330E-01,1.39287179E-01,1.00000000E+00,2,2,11024
