nuclide,event_id,interaction_id,parent_track_id,interaction_type,time_s,x_cm,y_cm,z_cm,particle_in_code,particle_out_code,dir_x,dir_y,dir_z,kinetic_energy_keV
Cu-64,1,2,1,4,0.0,0.0,0.0,0.0,29064,2,0.7709,0.56345,-0.29707,152.981
Cu-64,1,3,1,4,0.0,0.0,0.0,0.0,29064,12,-0.81816,0.30956,-0.48455,499.404
Cu-64,1,4,1,4,0.0,0.0,0.0,0.0,29064,28064,0.15005,-0.72215,0.67527,0.002
Cu-64,2,2,1,4,0.0,0.0,0.0,0.0,29064,12,0.72069,-0.58272,0.37555,1666.059
Cu-64,2,3,1,4,0.0,0.0,0.0,0.0,29064,28064,-0.72069,0.58272,-0.37555,0.023
Cu-64,2,4,1,4,0.0,0.0,0.0,0.0,29064,3,0.13046,-0.20602,-0.96981,6.551
Cu-64,2,5,1,4,0.0,0.0,0.0,0.0,29064,3,-0.78095,0.34312,-0.52191,0.727
Cu-64,2,6,1,4,0.0,0.0,0.0,0.0,29064,3,-0.95296,0.29111,-0.08442,1.027
Cu-64,3,2,1,4,0.0,0.0,0.0,0.0,29064,3,0.36528,-0.55625,-0.74643,143.783
Cu-64,3,3,1,4,0.0,0.0,0.0,0.0,29064,13,-0.27868,0.27889,-0.919,435.909
Cu-64,3,4,1,4,0.0,0.0,0.0,0.0,29064,30064,-0.03928,0.14854,0.98813,0.004
Cu-64,4,2,1,4,0.0,0.0,0.0,0.0,29064,12,0.3454,0.92869,-0.13502,1666.059
Cu-64,4,3,1,4,0.0,0.0,0.0,0.0,29064,28064,-0.3454,-0.92869,0.13502,0.023
Cu-64,4,4,1,4,0.0,0.0,0.0,0.0,29064,3,0.96217,-0.10506,0.25137,6.411
Cu-64,4,5,1,4,0.0,0.0,0.0,0.0,29064,3,0.6898,0.66195,-0.29326,1.89
Cu-64,5,2,1,4,0.0,0.0,0.0,0.0,29064,3,0.70303,0.43559,0.56215,291.349
Cu-64,5,3,1,4,0.0,0.0,0.0,0.0,29064,13,0.33441,0.87463,0.35098,288.341
Cu-64,5,4,1,4,0.0,0.0,0.0,0.0,29064,30064,-0.61108,-0.59997,-0.51635,0.006
Cu-64,6,2,1,4,0.0,0.0,0.0,0.0,29064,12,0.71738,-0.33352,-0.61166,1666.059
Cu-64,6,3,1,4,0.0,0.0,0.0,0.0,29064,28064,-0.71738,0.33352,0.61166,0.023
Cu-64,6,4,1,4,0.0,0.0,0.0,0.0,29064,1,0.8139,0.39937,-0.42198,7.436
Cu-64,6,5,1,4,0.0,0.0,0.0,0.0,29064,3,-0.6206,0.16688,0.76617,0.775
Cu-64,6,6,1,4,0.0,0.0,0.0,0.0,29064,3,-0.55347,0.51612,0.65368,0.093
Cu-64,7,2,1,4,0.0,0.0,0.0,0.0,29064,3,-0.28437,0.77826,-0.55985,114.01
Cu-64,7,3,1,4,0.0,0.0,0.0,0.0,29064,13,0.60076,0.773,-0.20384,465.682
Cu-64,7,4,1,4,0.0,0.0,0.0,0.0,29064,30064,-0.24394,-0.88001,0.40753,0.004
Cu-64,8,2,1,4,0.0,0.0,0.0,0.0,29064,2,0.93834,0.31461,0.14334,251.404
Cu-64,8,3,1,4,0.0,0.0,0.0,0.0,29064,12,0.81986,-0.22437,-0.52676,400.977
Cu-64,8,4,1,4,0.0,0.0,0.0,0.0,29064,28064,-0.98371,-0.10074,0.14889,0.006
Cu-64,9,2,1,4,0.0,0.0,0.0,0.0,29064,2,-0.95401,0.10763,0.2798,217.831
Cu-64,9,3,1,4,0.0,0.0,0.0,0.0,29064,12,0.5247,-0.66683,0.52918,434.554
Cu-64,9,4,1,4,0.0,0.0,0.0,0.0,29064,28064,0.51794,0.45231,-0.72605,0.002
Cu-64,10,2,1,4,0.0,0.0,0.0,0.0,29064,2,0.99691,-0.0407,0.06723,228.161
Cu-64,10,3,1,4,0.0,0.0,0.0,0.0,29064,12,0.07422,0.12033,-0.98995,424.222
Cu-64,10,4,1,4,0.0,0.0,0.0,0.0,29064,28064,-0.82576,-0.04292,0.56239,0.004
Cu-64,11,2,1,4,0.0,0.0,0.0,0.0,29064,3,-0.518,-0.81586,0.257,13.093
Cu-64,11,3,1,4,0.0,0.0,0.0,0.0,29064,13,-0.98615,0.10179,-0.13097,566.6
Cu-64,11,4,1,4,0.0,0.0,0.0,0.0,29064,30064,0.99565,0.06,0.07123,0.003
Cu-64,12,2,1,4,0.0,0.0,0.0,0.0,29064,12,0.9758,0.20753,-0.06886,1666.059
Cu-64,12,3,1,4,0.0,0.0,0.0,0.0,29064,28064,-0.9758,-0.20753,0.06886,0.023
Cu-64,12,4,1,4,0.0,0.0,0.0,0.0,29064,1,0.26408,-0.90134,0.34328,7.418
Cu-64,12,5,1,4,0.0,0.0,0.0,0.0,29064,3,0.92413,-0.08639,0.37218,0.685
Cu-64,12,6,1,4,0.0,0.0,0.0,0.0,29064,3,-0.13744,-0.94942,0.28233,0.199
Cu-64,13,2,1,4,0.0,0.0,0.0,0.0,29064,12,0.56903,0.16232,-0.80614,1666.059
Cu-64,13,3,1,4,0.0,0.0,0.0,0.0,29064,28064,-0.56903,-0.16232,0.80614,0.023
Cu-64,13,4,1,4,0.0,0.0,0.0,0.0,29064,1,0.31049,-0.35804,0.88057,7.418
Cu-64,13,5,1,4,0.0,0.0,0.0,0.0,29064,3,0.19955,0.91461,-0.35168,0.791
Cu-64,13,6,1,4,0.0,0.0,0.0,0.0,29064,3,-0.90497,0.13543,-0.40335,0.093
Cu-64,14,2,1,4,0.0,0.0,0.0,0.0,29064,3,0.76899,-0.38319,-0.51168,295.128
Cu-64,14,3,1,4,0.0,0.0,0.0,0.0,29064,13,0.68592,0.6002,0.41143,284.563
Cu-64,14,4,1,4,0.0,0.0,0.0,0.0,29064,30064,-0.95355,0.09628,0.28544,0.004
Cu-64,15,2,1,4,0.0,0.0,0.0,0.0,29064,12,0.3079,-0.87939,0.36315,1673.355
Cu-64,15,3,1,4,0.0,0.0,0.0,0.0,29064,28064,-0.3079,0.87939,-0.36315,0.024
Cu-64,15,4,1,4,0.0,0.0,0.0,0.0,29064,3,0.70641,-0.54738,0.44874,1.006
Cu-64,16,2,1,4,0.0,0.0,0.0,0.0,29064,2,0.21166,0.01429,0.97724,193.142
Cu-64,16,3,1,4,0.0,0.0,0.0,0.0,29064,12,0.88088,0.17278,0.44068,459.239
Cu-64,16,4,1,4,0.0,0.0,0.0,0.0,29064,28064,-0.59706,-0.10158,-0.79574,0.006
Cu-64,17,2,1,4,0.0,0.0,0.0,0.0,29064,12,-0.31062,0.91331,0.26341,1666.059
Cu-64,17,3,1,4,0.0,0.0,0.0,0.0,29064,28064,0.31062,-0.91331,-0.26341,0.023
Cu-64,17,4,1,4,0.0,0.0,0.0,0.0,29064,1,0.89471,0.33375,0.29683,7.418
Cu-64,17,5,1,4,0.0,0.0,0.0,0.0,29064,3,-0.15269,0.96931,-0.19267,0.855
Cu-64,17,6,1,4,0.0,0.0,0.0,0.0,29064,3,-0.04882,0.79942,0.59879,0.029
Cu-64,18,2,1,4,0.0,0.0,0.0,0.0,29064,2,0.00669,-0.44608,0.89497,172.65
Cu-64,18,3,1,4,0.0,0.0,0.0,0.0,29064,12,-0.93127,-0.0506,-0.3608,479.734
Cu-64,18,4,1,4,0.0,0.0,0.0,0.0,29064,28064,0.80635,0.41226,-0.42408,0.003
Cu-64,19,2,1,4,0.0,0.0,0.0,0.0,29064,12,-0.13047,-0.98985,-0.05631,1666.059
Cu-64,19,3,1,4,0.0,0.0,0.0,0.0,29064,28064,0.13047,0.98985,0.05631,0.023
Cu-64,19,4,1,4,0.0,0.0,0.0,0.0,29064,3,-0.7379,-0.49577,-0.45794,6.428
Cu-64,19,5,1,4,0.0,0.0,0.0,0.0,29064,3,0.92697,0.2222,0.30226,1.874
Cu-64,20,2,1,4,0.0,0.0,0.0,0.0,29064,3,-0.85278,0.36502,-0.37354,329.244
Cu-64,20,3,1,4,0.0,0.0,0.0,0.0,29064,13,0.38196,-0.47195,0.79459,250.45
Cu-64,20,4,1,4,0.0,0.0,0.0,0.0,29064,30064,0.96166,-0.25461,0.10192,0.002
Cu-64,21,2,1,4,0.0,0.0,0.0,0.0,29064,3,0.62707,0.39512,0.67132,62.265
Cu-64,21,3,1,4,0.0,0.0,0.0,0.0,29064,13,0.7044,-0.70577,0.07557,517.428
Cu-64,21,4,1,4,0.0,0.0,0.0,0.0,29064,30064,-0.84165,0.41893,-0.34076,0.003
Cu-64,22,2,1,4,0.0,0.0,0.0,0.0,29064,12,-0.38029,0.9045,-0.19302,1666.059
Cu-64,22,3,1,4,0.0,0.0,0.0,0.0,29064,28064,0.38029,-0.9045,0.19302,0.023
Cu-64,22,4,1,4,0.0,0.0,0.0,0.0,29064,1,0.82365,0.37793,-0.42282,7.436
Cu-64,22,5,1,4,0.0,0.0,0.0,0.0,29064,3,0.69058,0.70777,-0.14888,0.774
Cu-64,22,6,1,4,0.0,0.0,0.0,0.0,29064,3,-0.27609,0.04798,-0.95993,0.093
Cu-64,23,2,1,4,0.0,0.0,0.0,0.0,29064,3,-0.51253,-0.59387,0.62018,212.928
Cu-64,23,3,1,4,0.0,0.0,0.0,0.0,29064,13,0.84714,-0.37801,0.37343,366.765
Cu-64,23,4,1,4,0.0,0.0,0.0,0.0,29064,30064,-0.07518,0.69577,-0.71432,0.003
Cu-64,24,2,1,4,0.0,0.0,0.0,0.0,29064,3,0.89774,0.21218,-0.38606,364.068
Cu-64,24,3,1,4,0.0,0.0,0.0,0.0,29064,13,-0.62733,0.58814,-0.51044,215.624
Cu-64,24,4,1,4,0.0,0.0,0.0,0.0,29064,30064,-0.72737,-0.40178,0.55634,0.004
Cu-64,25,2,1,4,0.0,0.0,0.0,0.0,29064,3,0.98464,-0.15313,-0.08387,238.129
Cu-64,25,3,1,4,0.0,0.0,0.0,0.0,29064,13,-0.21255,0.69448,-0.6874,341.564
Cu-64,25,4,1,4,0.0,0.0,0.0,0.0,29064,30064,-0.82489,-0.27096,0.49612,0.003
Cu-64,26,2,1,4,0.0,0.0,0.0,0.0,29064,2,-0.96708,0.06423,-0.24624,291.609
Cu-64,26,3,1,4,0.0,0.0,0.0,0.0,29064,12,-0.02517,0.3433,0.93889,360.774
Cu-64,26,4,1,4,0.0,0.0,0.0,0.0,29064,28064,0.92587,-0.2493,-0.28391,0.004
Cu-64,27,2,1,4,0.0,0.0,0.0,0.0,29064,12,-0.12683,-0.38647,0.91354,1666.059
Cu-64,27,3,1,4,0.0,0.0,0.0,0.0,29064,28064,0.12683,0.38647,-0.91354,0.023
Cu-64,27,4,1,4,0.0,0.0,0.0,0.0,29064,1,0.30726,0.59812,0.74016,7.436
Cu-64,27,5,1,4,0.0,0.0,0.0,0.0,29064,3,0.72991,0.02467,0.6831,0.773
Cu-64,27,6,1,4,0.0,0.0,0.0,0.0,29064,3,-0.18919,-0.90621,-0.37815,0.093
Cu-64,28,2,1,4,0.0,0.0,0.0,0.0,29064,12,0.58158,-0.76378,-0.28002,1666.059
Cu-64,28,3,1,4,0.0,0.0,0.0,0.0,29064,28064,-0.58158,0.76378,0.28002,0.023
Cu-64,28,4,1,4,0.0,0.0,0.0,0.0,29064,1,0.42988,0.66075,-0.61532,7.418
Cu-64,28,5,1,4,0.0,0.0,0.0,0.0,29064,3,-0.17179,0.91218,0.37205,0.791
Cu-64,28,6,1,4,0.0,0.0,0.0,0.0,29064,3,0.88019,-0.01238,-0.47446,0.095
Cu-64,29,2,1,4,0.0,0.0,0.0,0.0,29064,12,0.38555,-0.43286,-0.81485,1666.059
Cu-64,29,3,1,4,0.0,0.0,0.0,0.0,29064,28064,-0.38555,0.43286,0.81485,0.023
Cu-64,29,4,1,4,0.0,0.0,0.0,0.0,29064,3,-0.50138,-0.64447,0.5773,6.43
Cu-64,29,5,1,4,0.0,0.0,0.0,0.0,29064,3,-0.40143,-0.37579,-0.83525,1.873
Cu-64,30,2,1,4,0.0,0.0,0.0,0.0,29064,12,0.48711,0.85416,-0.18204,1666.059
Cu-64,30,3,1,4,0.0,0.0,0.0,0.0,29064,28064,-0.48711,-0.85416,0.18204,0.023
Cu-64,30,4,1,4,0.0,0.0,0.0,0.0,29064,1,0.35096,-0.67508,0.64892,7.436
Cu-64,30,5,1,4,0.0,0.0,0.0,0.0,29064,3,-0.51872,-0.6413,0.56539,0.711
Cu-64,30,6,1,4,0.0,0.0,0.0,0.0,29064,3,0.87216,-0.31664,-0.37292,0.156
Cu-64,31,2,1,4,0.0,0.0,0.0,0.0,29064,12,0.79547,0.59508,-0.11447,1666.059
Cu-64,31,3,1,4,0.0,0.0,0.0,0.0,29064,28064,-0.79547,-0.59508,0.11447,0.023
Cu-64,31,4,1,4,0.0,0.0,0.0,0.0,29064,3,0.72554,-0.45243,-0.51856,6.568
Cu-64,31,5,1,4,0.0,0.0,0.0,0.0,29064,3,-0.46015,-0.52161,0.71847,0.775
Cu-64,31,6,1,4,0.0,0.0,0.0,0.0,29064,3,0.30793,-0.69852,-0.64594,0.96
Cu-64,32,2,1,4,0.0,0.0,0.0,0.0,29064,3,-0.26448,-0.96412,-0.02294,210.096
Cu-64,32,3,1,4,0.0,0.0,0.0,0.0,29064,13,-0.91047,-0.26277,-0.31936,369.595
Cu-64,32,4,1,4,0.0,0.0,0.0,0.0,29064,30064,0.61639,0.76893,0.16972,0.005
Cu-64,33,2,1,4,0.0,0.0,0.0,0.0,29064,2,0.6952,-0.681,-0.23007,260.22
Cu-64,33,3,1,4,0.0,0.0,0.0,0.0,29064,12,0.4525,0.3842,0.80476,392.164
Cu-64,33,4,1,4,0.0,0.0,0.0,0.0,29064,28064,-0.88553,0.37117,-0.27941,0.004
Cu-64,34,2,1,4,0.0,0.0,0.0,0.0,29064,3,-0.61166,0.04193,-0.79001,439.326
Cu-64,34,3,1,4,0.0,0.0,0.0,0.0,29064,13,0.82481,0.24188,0.51106,140.367
Cu-64,34,4,1,4,0.0,0.0,0.0,0.0,29064,30064,0.55209,-0.09963,0.82781,0.004
Cu-64,35,2,1,4,0.0,0.0,0.0,0.0,29064,12,0.58122,-0.55241,0.59752,1666.059
Cu-64,35,3,1,4,0.0,0.0,0.0,0.0,29064,28064,-0.58122,0.55241,-0.59752,0.023
Cu-64,35,4,1,4,0.0,0.0,0.0,0.0,29064,3,-0.38927,-0.12264,0.91292,7.339
Cu-64,35,5,1,4,0.0,0.0,0.0,0.0,29064,3,-0.04743,-0.34964,0.93568,0.855
Cu-64,35,6,1,4,0.0,0.0,0.0,0.0,29064,3,-0.7233,-0.55852,-0.40607,0.108
Cu-64,36,2,1,4,0.0,0.0,0.0,0.0,29064,2,0.34824,0.90394,0.24823,154.219
Cu-64,36,3,1,4,0.0,0.0,0.0,0.0,29064,12,0.26363,-0.72516,-0.63611,498.167
Cu-64,36,4,1,4,0.0,0.0,0.0,0.0,29064,28064,-0.79621,-0.06759,0.60123,0.001
Cu-64,37,2,1,4,0.0,0.0,0.0,0.0,29064,3,0.53894,0.55489,-0.63375,295.843
Cu-64,37,3,1,4,0.0,0.0,0.0,0.0,29064,13,-0.27217,-0.60429,0.74884,283.852
Cu-64,37,4,1,4,0.0,0.0,0.0,0.0,29064,30064,-0.71531,-0.48268,0.50532,0.001
Cu-64,38,2,1,4,0.0,0.0,0.0,0.0,29064,12,-0.03766,0.99917,-0.01575,1666.059
Cu-64,38,3,1,4,0.0,0.0,0.0,0.0,29064,28064,0.03766,-0.99917,0.01575,0.023
Cu-64,38,4,1,4,0.0,0.0,0.0,0.0,29064,3,-0.6627,-0.71138,-0.23402,6.552
Cu-64,38,5,1,4,0.0,0.0,0.0,0.0,29064,3,0.55691,0.82234,-0.11664,0.726
Cu-64,38,6,1,4,0.0,0.0,0.0,0.0,29064,3,0.07275,0.97009,-0.23159,1.025
Cu-64,39,2,1,4,0.0,0.0,0.0,0.0,29064,2,0.85714,0.39629,0.32902,286.791
Cu-64,39,3,1,4,0.0,0.0,0.0,0.0,29064,12,-0.11786,-0.99186,-0.04814,365.594
Cu-64,39,4,1,4,0.0,0.0,0.0,0.0,29064,28064,-0.91005,0.22622,-0.34733,0.002
Cu-64,40,2,1,4,0.0,0.0,0.0,0.0,29064,2,0.43933,-0.62233,0.64784,237.337
Cu-64,40,3,1,4,0.0,0.0,0.0,0.0,29064,12,-0.62027,0.01795,-0.78418,415.049
Cu-64,40,4,1,4,0.0,0.0,0.0,0.0,29064,28064,0.0516,0.99497,-0.08583,0.001
Cu-64,41,2,1,4,0.0,0.0,0.0,0.0,29064,2,-0.87226,-0.23944,-0.42643,258.677
Cu-64,41,3,1,4,0.0,0.0,0.0,0.0,29064,12,0.91087,-0.38271,0.15441,393.709
Cu-64,41,4,1,4,0.0,0.0,0.0,0.0,29064,28064,0.38624,0.77689,0.49724,0.001
Cu-64,42,2,1,4,0.0,0.0,0.0,0.0,29064,12,0.58119,0.45312,0.67595,1673.476
Cu-64,42,3,1,4,0.0,0.0,0.0,0.0,29064,28064,-0.58119,-0.45312,-0.67595,0.024
Cu-64,42,4,1,4,0.0,0.0,0.0,0.0,29064,3,-0.71921,-0.59038,-0.36633,0.79
Cu-64,42,5,1,4,0.0,0.0,0.0,0.0,29064,3,-0.8853,-0.28883,-0.36444,0.096
Cu-64,43,2,1,4,0.0,0.0,0.0,0.0,29064,12,0.76236,0.53726,-0.36078,1666.059
Cu-64,43,3,1,4,0.0,0.0,0.0,0.0,29064,28064,-0.76236,-0.53726,0.36078,0.023
Cu-64,43,4,1,4,0.0,0.0,0.0,0.0,29064,1,-0.12842,-0.19925,-0.9715,8.222
Cu-64,43,5,1,4,0.0,0.0,0.0,0.0,29064,3,0.15375,-0.30021,-0.9414,0.08
Cu-64,44,2,1,4,0.0,0.0,0.0,0.0,29064,3,0.59275,-0.0026,-0.80538,345.511
Cu-64,44,3,1,4,0.0,0.0,0.0,0.0,29064,13,0.54519,0.63817,-0.5436,234.179
Cu-64,44,4,1,4,0.0,0.0,0.0,0.0,29064,30064,-0.60912,-0.16808,0.77507,0.006
Cu-64,45,2,1,4,0.0,0.0,0.0,0.0,29064,12,-0.77329,-0.63334,0.03013,1666.059
Cu-64,45,3,1,4,0.0,0.0,0.0,0.0,29064,28064,0.77329,0.63334,-0.03013,0.023
Cu-64,45,4,1,4,0.0,0.0,0.0,0.0,29064,3,0.08894,0.87318,-0.47921,6.552
Cu-64,45,5,1,4,0.0,0.0,0.0,0.0,29064,3,0.65551,0.46231,0.59714,0.686
Cu-64,45,6,1,4,0.0,0.0,0.0,0.0,29064,3,0.65633,0.74363,-0.12745,1.067
Cu-64,46,2,1,4,0.0,0.0,0.0,0.0,29064,12,0.81951,0.43509,-0.37297,1666.059
Cu-64,46,3,1,4,0.0,0.0,0.0,0.0,29064,28064,-0.81951,-0.43509,0.37297,0.023
Cu-64,46,4,1,4,0.0,0.0,0.0,0.0,29064,3,0.64979,-0.24454,-0.71971,6.567
Cu-64,46,5,1,4,0.0,0.0,0.0,0.0,29064,3,-0.2235,-0.38458,0.89562,0.838
Cu-64,46,6,1,4,0.0,0.0,0.0,0.0,29064,3,0.28081,-0.95063,0.13213,0.897
Cu-64,47,2,1,4,0.0,0.0,0.0,0.0,29064,12,-0.01521,-0.07248,0.99725,1666.059
Cu-64,47,3,1,4,0.0,0.0,0.0,0.0,29064,28064,0.01521,0.07248,-0.99725,0.023
Cu-64,47,4,1,4,0.0,0.0,0.0,0.0,29064,3,-0.93694,-0.34154,-0.07411,6.569
Cu-64,47,5,1,4,0.0,0.0,0.0,0.0,29064,3,0.69318,0.71733,-0.07031,0.67
Cu-64,47,6,1,4,0.0,0.0,0.0,0.0,29064,3,-0.90929,-0.41329,-0.04875,1.064
Cu-64,48,2,1,4,0.0,0.0,0.0,0.0,29064,2,-0.05783,-0.58196,0.81116,214.04
Cu-64,48,3,1,4,0.0,0.0,0.0,0.0,29064,12,-0.17401,-0.33884,-0.92461,438.345
Cu-64,48,4,1,4,0.0,0.0,0.0,0.0,29064,28064,0.23028,0.97278,-0.0259,0.002
Cu-64,49,2,1,4,0.0,0.0,0.0,0.0,29064,2,0.62854,-0.03299,-0.77707,329.458
Cu-64,49,3,1,4,0.0,0.0,0.0,0.0,29064,12,0.51316,0.69713,0.50068,322.925
Cu-64,49,4,1,4,0.0,0.0,0.0,0.0,29064,28064,-0.81857,-0.28414,0.49921,0.004
Cu-64,50,2,1,4,0.0,0.0,0.0,0.0,29064,12,0.52973,0.82576,-0.19365,1666.059
Cu-64,50,3,1,4,0.0,0.0,0.0,0.0,29064,28064,-0.52973,-0.82576,0.19365,0.023
Cu-64,50,4,1,4,0.0,0.0,0.0,0.0,29064,1,-0.23636,-0.48378,0.84267,7.436
Cu-64,50,5,1,4,0.0,0.0,0.0,0.0,29064,3,0.31417,-0.92609,-0.20895,0.671
Cu-64,50,6,1,4,0.0,0.0,0.0,0.0,29064,3,-0.17349,-0.77317,0.61001,0.197
Cu-64,51,2,1,4,0.0,0.0,0.0,0.0,29064,12,-0.76669,-0.64198,-0.00678,1673.355
Cu-64,51,3,1,4,0.0,0.0,0.0,0.0,29064,28064,0.76669,0.64198,0.00678,0.024
Cu-64,51,4,1,4,0.0,0.0,0.0,0.0,29064,3,-0.04472,0.74665,-0.66371,0.873
Cu-64,51,5,1,4,0.0,0.0,0.0,0.0,29064,3,0.3137,0.2755,-0.90868,0.134
Cu-64,52,2,1,4,0.0,0.0,0.0,0.0,29064,3,0.63447,-0.28816,-0.71722,80.186
Cu-64,52,3,1,4,0.0,0.0,0.0,0.0,29064,13,0.60874,0.69025,0.39114,499.508
Cu-64,52,4,1,4,0.0,0.0,0.0,0.0,29064,30064,-0.88461,-0.46523,0.03204,0.003
Cu-64,53,2,1,4,0.0,0.0,0.0,0.0,29064,2,-0.67688,0.36257,-0.64061,178.454
Cu-64,53,3,1,4,0.0,0.0,0.0,0.0,29064,12,0.922,-0.33239,-0.19859,473.932
Cu-64,53,4,1,4,0.0,0.0,0.0,0.0,29064,28064,-0.30175,-0.0251,0.95306,0.001
Cu-64,54,2,1,4,0.0,0.0,0.0,0.0,29064,3,-0.98659,-0.13948,-0.08471,419.315
Cu-64,54,3,1,4,0.0,0.0,0.0,0.0,29064,13,-0.65021,-0.12682,0.74909,160.374
Cu-64,54,4,1,4,0.0,0.0,0.0,0.0,29064,30064,0.98738,0.14594,-0.06151,0.007
Cu-64,55,2,1,4,0.0,0.0,0.0,0.0,29064,3,-0.31844,0.12193,0.94007,150.776
Cu-64,55,3,1,4,0.0,0.0,0.0,0.0,29064,13,-0.67988,0.4334,0.59155,428.915
Cu-64,55,4,1,4,0.0,0.0,0.0,0.0,29064,30064,0.52435,-0.29225,-0.79978,0.006
Cu-64,56,2,1,4,0.0,0.0,0.0,0.0,29064,3,0.67973,0.73291,0.02839,14.34
Cu-64,56,3,1,4,0.0,0.0,0.0,0.0,29064,13,-0.87468,0.1636,0.45626,565.353
Cu-64,56,4,1,4,0.0,0.0,0.0,0.0,29064,30064,0.79096,-0.3494,-0.50229,0.002
Cu-64,57,2,1,4,0.0,0.0,0.0,0.0,29064,12,0.53822,-0.44657,-0.71477,1666.059
Cu-64,57,3,1,4,0.0,0.0,0.0,0.0,29064,28064,-0.53822,0.44657,0.71477,0.023
Cu-64,57,4,1,4,0.0,0.0,0.0,0.0,29064,3,-0.3391,0.17267,-0.92477,6.568
Cu-64,57,5,1,4,0.0,0.0,0.0,0.0,29064,3,0.80076,-0.21666,-0.55842,0.669
Cu-64,57,6,1,4,0.0,0.0,0.0,0.0,29064,3,-0.81814,0.53065,-0.22151,1.064
Cu-64,58,2,1,4,0.0,0.0,0.0,0.0,29064,12,0.3019,0.26391,-0.91608,1666.059
Cu-64,58,3,1,4,0.0,0.0,0.0,0.0,29064,28064,-0.3019,-0.26391,0.91608,0.023
Cu-64,58,4,1,4,0.0,0.0,0.0,0.0,29064,3,0.11223,-0.96754,0.22643,7.3
Cu-64,58,5,1,4,0.0,0.0,0.0,0.0,29064,3,0.34697,-0.72647,0.59317,0.856
Cu-64,58,6,1,4,0.0,0.0,0.0,0.0,29064,3,0.92307,-0.36231,0.1291,0.148
Cu-64,59,2,1,4,0.0,0.0,0.0,0.0,29064,2,0.15982,0.68353,-0.71221,227.655
Cu-64,59,3,1,4,0.0,0.0,0.0,0.0,29064,12,0.40305,-0.80757,0.43056,424.732
Cu-64,59,4,1,4,0.0,0.0,0.0,0.0,29064,28064,-0.79124,-0.06659,0.60786,0.001
Cu-64,60,2,1,4,0.0,0.0,0.0,0.0,29064,3,-0.95442,-0.03523,0.29639,265.368
Cu-64,60,3,1,4,0.0,0.0,0.0,0.0,29064,13,-0.4904,-0.49033,0.72048,314.322
Cu-64,60,4,1,4,0.0,0.0,0.0,0.0,29064,30064,0.85269,0.20924,-0.47868,0.006
Cu-64,61,2,1,4,0.0,0.0,0.0,0.0,29064,12,-0.26996,-0.96257,0.02404,1666.059
Cu-64,61,3,1,4,0.0,0.0,0.0,0.0,29064,28064,0.26996,0.96257,-0.02404,0.023
Cu-64,61,4,1,4,0.0,0.0,0.0,0.0,29064,3,0.43577,0.32909,-0.83774,6.57
Cu-64,61,5,1,4,0.0,0.0,0.0,0.0,29064,3,-0.56488,-0.80771,-0.16888,0.773
Cu-64,61,6,1,4,0.0,0.0,0.0,0.0,29064,3,0.49859,-0.66856,0.55175,0.96
Cu-64,62,2,1,4,0.0,0.0,0.0,0.0,29064,12,0.28765,0.49278,-0.82123,1666.059
Cu-64,62,3,1,4,0.0,0.0,0.0,0.0,29064,28064,-0.28765,-0.49278,0.82123,0.023
Cu-64,62,4,1,4,0.0,0.0,0.0,0.0,29064,3,-0.82074,0.07151,-0.56681,6.55
Cu-64,62,5,1,4,0.0,0.0,0.0,0.0,29064,3,-0.1727,-0.87897,0.4445,0.727
Cu-64,62,6,1,4,0.0,0.0,0.0,0.0,29064,3,0.76731,0.61701,-0.17477,1.025
Cu-64,63,2,1,4,0.0,0.0,0.0,0.0,29064,2,0.33083,0.43996,0.83486,56.12
Cu-64,63,3,1,4,0.0,0.0,0.0,0.0,29064,12,0.23144,0.96298,0.1382,596.262
Cu-64,63,4,1,4,0.0,0.0,0.0,0.0,29064,28064,-0.28401,-0.88348,-0.37255,0.005
Cu-64,64,2,1,4,0.0,0.0,0.0,0.0,29064,12,0.22935,-0.03064,-0.97286,1666.059
Cu-64,64,3,1,4,0.0,0.0,0.0,0.0,29064,28064,-0.22935,0.03064,0.97286,0.023
Cu-64,64,4,1,4,0.0,0.0,0.0,0.0,29064,3,0.79986,0.54739,0.24616,6.429
Cu-64,64,5,1,4,0.0,0.0,0.0,0.0,29064,3,0.51282,0.09845,0.85283,0.107
Cu-64,64,6,1,4,0.0,0.0,0.0,0.0,29064,3,-0.10384,0.93308,-0.34434,0.855
Cu-64,64,7,1,4,0.0,0.0,0.0,0.0,29064,3,0.87508,-0.09239,-0.47509,0.911
Cu-64,65,2,1,4,0.0,0.0,0.0,0.0,29064,3,0.3241,0.23538,0.91627,168.721
Cu-64,65,3,1,4,0.0,0.0,0.0,0.0,29064,13,-0.19227,0.77426,0.60295,410.97
Cu-64,65,4,1,4,0.0,0.0,0.0,0.0,29064,30064,-0.08431,-0.53918,-0.83796,0.005
Cu-64,66,2,1,4,0.0,0.0,0.0,0.0,29064,2,0.32069,-0.79318,0.51771,471.767
Cu-64,66,3,1,4,0.0,0.0,0.0,0.0,29064,12,-0.0998,-0.19139,0.97643,180.613
Cu-64,66,4,1,4,0.0,0.0,0.0,0.0,29064,28064,-0.2609,0.72749,-0.63457,0.008
Cu-64,67,2,1,4,0.0,0.0,0.0,0.0,29064,12,0.78251,-0.2178,0.5833,1673.476
Cu-64,67,3,1,4,0.0,0.0,0.0,0.0,29064,28064,-0.78251,0.2178,-0.5833,0.024
Cu-64,67,4,1,4,0.0,0.0,0.0,0.0,29064,3,-0.77022,0.02976,0.63708,0.856
Cu-64,67,5,1,4,0.0,0.0,0.0,0.0,29064,3,0.41782,-0.87794,-0.23377,0.03
Cu-64,68,2,1,4,0.0,0.0,0.0,0.0,29064,2,-0.13913,0.98826,0.06316,218.175
Cu-64,68,3,1,4,0.0,0.0,0.0,0.0,29064,12,0.40092,0.56199,-0.72348,434.207
Cu-64,68,4,1,4,0.0,0.0,0.0,0.0,29064,28064,-0.12481,-0.93021,0.34516,0.006
Cu-64,69,2,1,4,0.0,0.0,0.0,0.0,29064,3,-0.60793,0.49971,0.61701,230.979
Cu-64,69,3,1,4,0.0,0.0,0.0,0.0,29064,13,0.47531,0.49908,-0.72457,348.715
Cu-64,69,4,1,4,0.0,0.0,0.0,0.0,29064,30064,0.33749,-0.9266,-0.16584,0.002
Cu-64,70,2,1,4,0.0,0.0,0.0,0.0,29064,12,0.33601,0.48939,0.80473,1673.494
Cu-64,70,3,1,4,0.0,0.0,0.0,0.0,29064,28064,-0.33601,-0.48939,-0.80473,0.024
Cu-64,70,4,1,4,0.0,0.0,0.0,0.0,29064,3,-0.80867,-0.48434,0.33387,0.774
Cu-64,70,5,1,4,0.0,0.0,0.0,0.0,29064,3,-0.03193,-0.15672,-0.98713,0.093
Cu-64,71,2,1,4,0.0,0.0,0.0,0.0,29064,2,-0.17726,0.97672,-0.1208,72.832
Cu-64,71,3,1,4,0.0,0.0,0.0,0.0,29064,12,0.87457,0.06995,0.47982,579.552
Cu-64,71,4,1,4,0.0,0.0,0.0,0.0,29064,28064,-0.75275,-0.52129,-0.40202,0.003
Cu-64,72,2,1,4,0.0,0.0,0.0,0.0,29064,2,0.82861,0.54799,0.11455,374.416
Cu-64,72,3,1,4,0.0,0.0,0.0,0.0,29064,12,0.18526,0.36186,0.91364,277.965
Cu-64,72,4,1,4,0.0,0.0,0.0,0.0,29064,28064,-0.73502,-0.56125,-0.38046,0.007
Cu-64,73,2,1,4,0.0,0.0,0.0,0.0,29064,12,-0.61207,0.40313,-0.68033,1666.059
Cu-64,73,3,1,4,0.0,0.0,0.0,0.0,29064,28064,0.61207,-0.40313,0.68033,0.023
Cu-64,73,4,1,4,0.0,0.0,0.0,0.0,29064,3,0.90374,-0.01442,-0.42785,7.3
Cu-64,73,5,1,4,0.0,0.0,0.0,0.0,29064,3,-0.66204,-0.53864,-0.52113,0.726
Cu-64,73,6,1,4,0.0,0.0,0.0,0.0,29064,3,0.43309,0.49917,-0.75051,0.277
Cu-64,74,2,1,4,0.0,0.0,0.0,0.0,29064,12,-0.27351,0.06021,0.95998,1666.059
Cu-64,74,3,1,4,0.0,0.0,0.0,0.0,29064,28064,0.27351,-0.06021,-0.95998,0.023
Cu-64,74,4,1,4,0.0,0.0,0.0,0.0,29064,3,-0.44361,0.87359,0.20011,7.339
Cu-64,74,5,1,4,0.0,0.0,0.0,0.0,29064,3,-0.67313,0.68705,0.2736,0.789
Cu-64,74,6,1,4,0.0,0.0,0.0,0.0,29064,3,0.4901,0.63396,-0.59825,0.174
Cu-64,75,2,1,4,0.0,0.0,0.0,0.0,29064,12,-0.42987,-0.76407,-0.48105,1666.059
Cu-64,75,3,1,4,0.0,0.0,0.0,0.0,29064,28064,0.42987,0.76407,0.48105,0.023
Cu-64,75,4,1,4,0.0,0.0,0.0,0.0,29064,3,0.10063,-0.50183,0.85909,6.551
Cu-64,75,5,1,4,0.0,0.0,0.0,0.0,29064,3,-0.39844,0.33704,-0.85303,0.792
Cu-64,75,6,1,4,0.0,0.0,0.0,0.0,29064,3,0.62302,-0.77899,-0.0708,0.96
Cu-64,76,2,1,4,0.0,0.0,0.0,0.0,29064,12,-0.27935,0.29607,-0.9134,1666.059
Cu-64,76,3,1,4,0.0,0.0,0.0,0.0,29064,28064,0.27935,-0.29607,0.9134,0.023
Cu-64,76,4,1,4,0.0,0.0,0.0,0.0,29064,3,0.75487,-0.55441,0.35042,6.552
Cu-64,76,5,1,4,0.0,0.0,0.0,0.0,29064,3,-0.61539,-0.76288,-0.19825,0.792
Cu-64,76,6,1,4,0.0,0.0,0.0,0.0,29064,3,0.61828,0.669,-0.4125,0.96
Cu-64,77,2,1,4,0.0,0.0,0.0,0.0,29064,12,-0.28749,0.73126,-0.61856,1674.243
Cu-64,77,3,1,4,0.0,0.0,0.0,0.0,29064,28064,0.28749,-0.73126,0.61856,0.024
Cu-64,77,4,1,4,0.0,0.0,0.0,0.0,29064,3,-0.11374,-0.81543,0.56756,0.119
Cu-64,78,2,1,4,0.0,0.0,0.0,0.0,29064,3,0.27431,0.89693,0.34679,238.218
Cu-64,78,3,1,4,0.0,0.0,0.0,0.0,29064,13,-0.37191,-0.33722,-0.86485,341.477
Cu-64,78,4,1,4,0.0,0.0,0.0,0.0,29064,30064,-0.05953,-0.96129,0.26905,0.001
Cu-64,79,2,1,4,0.0,0.0,0.0,0.0,29064,3,-0.50437,0.09396,-0.85836,275.174
Cu-64,79,3,1,4,0.0,0.0,0.0,0.0,29064,13,-0.83921,0.52409,0.14511,304.517
Cu-64,79,4,1,4,0.0,0.0,0.0,0.0,29064,30064,0.73358,-0.28418,0.61733,0.005
Cu-64,80,2,1,4,0.0,0.0,0.0,0.0,29064,2,-0.15934,0.98702,-0.02004,135.488
Cu-64,80,3,1,4,0.0,0.0,0.0,0.0,29064,12,-0.46961,0.86504,-0.17652,516.892
Cu-64,80,4,1,4,0.0,0.0,0.0,0.0,29064,28064,0.34074,-0.93364,0.1105,0.007
Cu-64,81,2,1,4,0.0,0.0,0.0,0.0,29064,3,-0.39242,-0.81389,0.42847,3.9
Cu-64,81,3,1,4,0.0,0.0,0.0,0.0,29064,13,0.14055,-0.88799,0.43786,575.793
Cu-64,81,4,1,4,0.0,0.0,0.0,0.0,29064,30064,-0.08895,0.89226,-0.44268,0.003
Cu-64,82,2,1,4,0.0,0.0,0.0,0.0,29064,3,-0.30413,-0.83645,0.45591,7.897
Cu-64,82,3,1,4,0.0,0.0,0.0,0.0,29064,13,0.3567,0.22657,-0.90633,571.797
Cu-64,82,4,1,4,0.0,0.0,0.0,0.0,29064,30064,-0.34506,-0.10578,0.9326,0.002
Cu-64,83,2,1,4,0.0,0.0,0.0,0.0,29064,3,0.62417,0.40342,-0.66907,274.089
Cu-64,83,3,1,4,0.0,0.0,0.0,0.0,29064,13,0.73247,0.58637,0.34593,305.602
Cu-64,83,4,1,4,0.0,0.0,0.0,0.0,29064,30064,-0.75856,-0.53422,0.37309,0.005
Cu-64,84,2,1,4,0.0,0.0,0.0,0.0,29064,12,-0.88051,0.05375,-0.47098,1666.059
Cu-64,84,3,1,4,0.0,0.0,0.0,0.0,29064,28064,0.88051,-0.05375,0.47098,0.023
Cu-64,84,4,1,4,0.0,0.0,0.0,0.0,29064,3,0.68238,0.3383,-0.64801,6.569
Cu-64,84,5,1,4,0.0,0.0,0.0,0.0,29064,3,-0.16624,-0.87646,0.45186,0.838
Cu-64,84,6,1,4,0.0,0.0,0.0,0.0,29064,3,-0.57463,-0.08799,0.81367,0.896
Cu-64,85,2,1,4,0.0,0.0,0.0,0.0,29064,12,0.87586,0.02803,-0.48176,1666.059
Cu-64,85,3,1,4,0.0,0.0,0.0,0.0,29064,28064,-0.87586,-0.02803,0.48176,0.023
Cu-64,85,4,1,4,0.0,0.0,0.0,0.0,29064,1,-0.56956,-0.68353,-0.4565,7.436
Cu-64,85,5,1,4,0.0,0.0,0.0,0.0,29064,3,-0.94507,-0.3119,0.09779,0.773
Cu-64,85,6,1,4,0.0,0.0,0.0,0.0,29064,3,0.78277,0.49908,-0.37174,0.095
Cu-64,86,2,1,4,0.0,0.0,0.0,0.0,29064,2,-0.02661,0.21639,0.97594,126.701
Cu-64,86,3,1,4,0.0,0.0,0.0,0.0,29064,12,0.16334,-0.192,0.96771,525.68
Cu-64,86,4,1,4,0.0,0.0,0.0,0.0,29064,28064,-0.08561,0.02078,-0.99611,0.007
Cu-64,87,2,1,4,0.0,0.0,0.0,0.0,29064,12,0.26219,-0.33486,-0.90505,1666.059
Cu-64,87,3,1,4,0.0,0.0,0.0,0.0,29064,28064,-0.26219,0.33486,0.90505,0.023
Cu-64,87,4,1,4,0.0,0.0,0.0,0.0,29064,1,-0.32932,0.00836,0.94418,7.436
Cu-64,87,5,1,4,0.0,0.0,0.0,0.0,29064,3,0.4738,-0.82313,-0.31301,0.71
Cu-64,87,6,1,4,0.0,0.0,0.0,0.0,29064,3,0.80263,0.56859,0.18026,0.156
Cu-64,88,2,1,4,0.0,0.0,0.0,0.0,29064,3,0.68035,-0.52286,-0.51356,47.48
Cu-64,88,3,1,4,0.0,0.0,0.0,0.0,29064,13,-0.59214,0.17286,-0.78707,532.213
Cu-64,88,4,1,4,0.0,0.0,0.0,0.0,29064,30064,0.28942,0.04619,0.95609,0.003
Cu-64,89,2,1,4,0.0,0.0,0.0,0.0,29064,12,-0.49158,0.3222,0.80904,1666.059
Cu-64,89,3,1,4,0.0,0.0,0.0,0.0,29064,28064,0.49158,-0.3222,-0.80904,0.023
Cu-64,89,4,1,4,0.0,0.0,0.0,0.0,29064,1,0.36491,0.87919,0.30638,7.436
Cu-64,89,5,1,4,0.0,0.0,0.0,0.0,29064,3,-0.68718,0.71634,0.12103,0.773
Cu-64,89,6,1,4,0.0,0.0,0.0,0.0,29064,3,-0.93503,0.06969,0.34765,0.093
Cu-64,90,2,1,4,0.0,0.0,0.0,0.0,29064,12,-0.47006,0.86888,0.15524,1666.059
Cu-64,90,3,1,4,0.0,0.0,0.0,0.0,29064,28064,0.47006,-0.86888,-0.15524,0.023
Cu-64,90,4,1,4,0.0,0.0,0.0,0.0,29064,3,0.08416,0.98274,-0.16475,6.288
Cu-64,90,5,1,4,0.0,0.0,0.0,0.0,29064,3,-0.43193,-0.49432,0.75438,2.013
Cu-64,91,2,1,4,0.0,0.0,0.0,0.0,29064,2,-0.92486,-0.37984,0.019,360.961
Cu-64,91,3,1,4,0.0,0.0,0.0,0.0,29064,12,0.79162,-0.48557,0.37088,291.423
Cu-64,91,4,1,4,0.0,0.0,0.0,0.0,29064,28064,0.70313,0.68173,-0.2021,0.003
Cu-64,92,2,1,4,0.0,0.0,0.0,0.0,29064,12,0.71203,-0.10426,-0.69437,1666.059
Cu-64,92,3,1,4,0.0,0.0,0.0,0.0,29064,28064,-0.71203,0.10426,0.69437,0.023
Cu-64,92,4,1,4,0.0,0.0,0.0,0.0,29064,1,0.91944,0.2365,0.31415,7.436
Cu-64,92,5,1,4,0.0,0.0,0.0,0.0,29064,3,-0.42044,0.43151,0.79814,0.838
Cu-64,92,6,1,4,0.0,0.0,0.0,0.0,29064,3,0.91841,0.37191,-0.13492,0.029
Cu-64,93,2,1,4,0.0,0.0,0.0,0.0,29064,12,-0.21571,-0.87636,0.43065,1666.059
Cu-64,93,3,1,4,0.0,0.0,0.0,0.0,29064,28064,0.21571,0.87636,-0.43065,0.023
Cu-64,93,4,1,4,0.0,0.0,0.0,0.0,29064,3,0.90864,-0.2599,-0.32685,6.569
Cu-64,93,5,1,4,0.0,0.0,0.0,0.0,29064,3,0.58417,0.13471,0.80037,0.708
Cu-64,93,6,1,4,0.0,0.0,0.0,0.0,29064,3,0.58139,0.75105,0.31291,1.026
Cu-64,94,2,1,4,0.0,0.0,0.0,0.0,29064,3,-0.19505,0.26639,-0.94392,202.285
Cu-64,94,3,1,4,0.0,0.0,0.0,0.0,29064,13,0.45013,0.37974,0.8082,377.41
Cu-64,94,4,1,4,0.0,0.0,0.0,0.0,29064,30064,-0.22102,-0.83737,0.49996,0.001
Cu-64,95,2,1,4,0.0,0.0,0.0,0.0,29064,12,0.02327,-0.68609,-0.72715,1666.059
Cu-64,95,3,1,4,0.0,0.0,0.0,0.0,29064,28064,-0.02327,0.68609,0.72715,0.023
Cu-64,95,4,1,4,0.0,0.0,0.0,0.0,29064,1,0.23432,0.04065,0.97131,7.436
Cu-64,95,5,1,4,0.0,0.0,0.0,0.0,29064,3,-0.9563,-0.14281,-0.25514,0.774
Cu-64,95,6,1,4,0.0,0.0,0.0,0.0,29064,3,0.49185,0.44429,0.74879,0.093
Cu-64,96,2,1,4,0.0,0.0,0.0,0.0,29064,2,-0.58496,0.80729,0.07809,90.429
Cu-64,96,3,1,4,0.0,0.0,0.0,0.0,29064,12,0.38621,0.83613,-0.38952,561.954
Cu-64,96,4,1,4,0.0,0.0,0.0,0.0,29064,28064,-0.04188,-0.96521,0.25812,0.005
Cu-64,97,2,1,4,0.0,0.0,0.0,0.0,29064,3,0.01904,-0.05773,0.99815,188.557
Cu-64,97,3,1,4,0.0,0.0,0.0,0.0,29064,13,0.49596,0.68397,0.53498,391.134
Cu-64,97,4,1,4,0.0,0.0,0.0,0.0,29064,30064,-0.26909,-0.31793,-0.90913,0.005
Cu-64,98,2,1,4,0.0,0.0,0.0,0.0,29064,12,0.32934,-0.09332,0.93959,1666.059
Cu-64,98,3,1,4,0.0,0.0,0.0,0.0,29064,28064,-0.32934,0.09332,-0.93959,0.023
Cu-64,98,4,1,4,0.0,0.0,0.0,0.0,29064,3,-0.84634,0.52432,-0.09381,6.57
Cu-64,98,5,1,4,0.0,0.0,0.0,0.0,29064,3,0.15911,-0.98584,-0.05302,0.711
Cu-64,98,6,1,4,0.0,0.0,0.0,0.0,29064,3,-0.53993,-0.78552,-0.30239,1.024
Cu-64,99,2,1,4,0.0,0.0,0.0,0.0,29064,3,-0.42076,-0.89416,0.15309,113.484
Cu-64,99,3,1,4,0.0,0.0,0.0,0.0,29064,13,-0.86977,0.2955,0.39518,466.209
Cu-64,99,4,1,4,0.0,0.0,0.0,0.0,29064,30064,0.8794,0.28949,-0.37795,0.003
Cu-64,100,2,1,4,0.0,0.0,0.0,0.0,29064,2,-0.89689,0.34499,-0.27671,70.513
Cu-64,100,3,1,4,0.0,0.0,0.0,0.0,29064,12,0.60575,-0.37598,-0.70122,581.872
Cu-64,100,4,1,4,0.0,0.0,0.0,0.0,29064,28064,-0.2027,0.24084,0.94916,0.002
Cu-64,101,2,1,4,0.0,0.0,0.0,0.0,29064,12,0.20008,-0.52736,-0.82575,1666.059
Cu-64,101,3,1,4,0.0,0.0,0.0,0.0,29064,28064,-0.20008,0.52736,0.82575,0.023
Cu-64,101,4,1,4,0.0,0.0,0.0,0.0,29064,3,-0.58764,0.76709,0.25739,6.413
Cu-64,101,5,1,4,0.0,0.0,0.0,0.0,29064,3,0.36609,0.92696,-0.08201,0.808
Cu-64,101,6,1,4,0.0,0.0,0.0,0.0,29064,3,-0.00248,-0.297,-0.95487,1.083
Cu-64,102,2,1,4,0.0,0.0,0.0,0.0,29064,2,-0.72104,-0.01785,0.69266,11.708
Cu-64,102,3,1,4,0.0,0.0,0.0,0.0,29064,12,0.70932,-0.64086,-0.29352,640.677
Cu-64,102,4,1,4,0.0,0.0,0.0,0.0,29064,28064,-0.65961,0.72542,0.19668,0.003
Cu-64,103,2,1,4,0.0,0.0,0.0,0.0,29064,2,0.82849,-0.54153,-0.14268,126.716
Cu-64,103,3,1,4,0.0,0.0,0.0,0.0,29064,12,0.196,-0.55819,0.80623,525.666
Cu-64,103,4,1,4,0.0,0.0,0.0,0.0,29064,28064,-0.55901,0.66693,-0.49267,0.005
Cu-64,104,2,1,4,0.0,0.0,0.0,0.0,29064,12,-0.18491,0.61624,0.76554,1666.059
Cu-64,104,3,1,4,0.0,0.0,0.0,0.0,29064,28064,0.18491,-0.61624,-0.76554,0.023
Cu-64,104,4,1,4,0.0,0.0,0.0,0.0,29064,3,0.69543,-0.68481,-0.21775,7.339
Cu-64,104,5,1,4,0.0,0.0,0.0,0.0,29064,3,-0.88728,-0.13202,-0.44193,0.724
Cu-64,104,6,1,4,0.0,0.0,0.0,0.0,29064,3,0.41532,-0.699,-0.58216,0.242
Cu-64,105,2,1,4,0.0,0.0,0.0,0.0,29064,12,-0.23952,-0.9703,-0.03397,1666.059
Cu-64,105,3,1,4,0.0,0.0,0.0,0.0,29064,28064,0.23952,0.9703,0.03397,0.023
Cu-64,105,4,1,4,0.0,0.0,0.0,0.0,29064,1,-0.95703,-0.03087,0.28835,7.436
Cu-64,105,5,1,4,0.0,0.0,0.0,0.0,29064,3,-0.15858,0.13906,0.9775,0.838
Cu-64,105,6,1,4,0.0,0.0,0.0,0.0,29064,3,-0.12,-0.90767,0.40216,0.029
Cu-64,106,2,1,4,0.0,0.0,0.0,0.0,29064,3,0.63407,0.2118,0.7437,315.16
Cu-64,106,3,1,4,0.0,0.0,0.0,0.0,29064,13,-0.18396,0.56181,0.80655,264.531
Cu-64,106,4,1,4,0.0,0.0,0.0,0.0,29064,30064,-0.43437,-0.34241,-0.83312,0.006
Cu-64,107,2,1,4,0.0,0.0,0.0,0.0,29064,3,-0.80621,-0.18441,-0.56215,163.583
Cu-64,107,3,1,4,0.0,0.0,0.0,0.0,29064,13,-0.2098,-0.77423,0.59712,416.11
Cu-64,107,4,1,4,0.0,0.0,0.0,0.0,29064,30064,0.73891,0.6738,-0.00151,0.003
Cu-64,108,2,1,4,0.0,0.0,0.0,0.0,29064,12,-0.64467,-0.36162,-0.67352,1666.059
Cu-64,108,3,1,4,0.0,0.0,0.0,0.0,29064,28064,0.64467,0.36162,0.67352,0.023
Cu-64,108,4,1,4,0.0,0.0,0.0,0.0,29064,3,0.68071,-0.55419,-0.47907,6.411
Cu-64,108,5,1,4,0.0,0.0,0.0,0.0,29064,3,0.93471,0.1753,0.30917,0.125
Cu-64,108,6,1,4,0.0,0.0,0.0,0.0,29064,3,0.21318,-0.77791,-0.59111,0.774
Cu-64,108,7,1,4,0.0,0.0,0.0,0.0,29064,3,-0.41243,-0.88304,0.22392,0.992
Cu-64,109,2,1,4,0.0,0.0,0.0,0.0,29064,3,-0.95052,-0.00098,-0.31065,411.4
Cu-64,109,3,1,4,0.0,0.0,0.0,0.0,29064,13,0.68127,0.54719,-0.48626,168.292
Cu-64,109,4,1,4,0.0,0.0,0.0,0.0,29064,30064,0.87937,-0.13054,0.4579,0.004
Cu-64,110,2,1,4,0.0,0.0,0.0,0.0,29064,12,-0.18979,-0.61075,-0.76874,1666.059
Cu-64,110,3,1,4,0.0,0.0,0.0,0.0,29064,28064,0.18979,0.61075,0.76874,0.023
Cu-64,110,4,1,4,0.0,0.0,0.0,0.0,29064,1,-0.49623,-0.54194,-0.67828,7.436
Cu-64,110,5,1,4,0.0,0.0,0.0,0.0,29064,3,0.31091,0.91581,0.25422,0.671
Cu-64,110,6,1,4,0.0,0.0,0.0,0.0,29064,3,-0.29915,0.91131,0.2829,0.197
Cu-64,111,2,1,4,0.0,0.0,0.0,0.0,29064,12,0.373,0.89849,0.23147,1666.059
Cu-64,111,3,1,4,0.0,0.0,0.0,0.0,29064,28064,-0.373,-0.89849,-0.23147,0.023
Cu-64,111,4,1,4,0.0,0.0,0.0,0.0,29064,1,0.88743,-0.45996,-0.03006,7.418
Cu-64,111,5,1,4,0.0,0.0,0.0,0.0,29064,3,-0.62401,0.77005,-0.13279,0.789
Cu-64,111,6,1,4,0.0,0.0,0.0,0.0,29064,3,0.73834,0.59125,0.32447,0.095
Cu-64,112,2,1,4,0.0,0.0,0.0,0.0,29064,12,-0.77275,-0.53054,-0.34841,1666.059
Cu-64,112,3,1,4,0.0,0.0,0.0,0.0,29064,28064,0.77275,0.53054,0.34841,0.023
Cu-64,112,4,1,4,0.0,0.0,0.0,0.0,29064,3,-0.51765,0.14994,-0.84235,6.549
Cu-64,112,5,1,4,0.0,0.0,0.0,0.0,29064,3,-0.66228,0.04495,0.74791,0.686
Cu-64,112,6,1,4,0.0,0.0,0.0,0.0,29064,3,0.05343,0.912,0.4067,1.067
Cu-64,113,2,1,4,0.0,0.0,0.0,0.0,29064,3,0.28017,0.74316,-0.60763,217.843
Cu-64,113,3,1,4,0.0,0.0,0.0,0.0,29064,13,-0.20759,-0.97228,-0.10759,361.852
Cu-64,113,4,1,4,0.0,0.0,0.0,0.0,29064,30064,-0.19404,-0.09469,0.97641,0.001
Cu-64,114,2,1,4,0.0,0.0,0.0,0.0,29064,2,-0.73087,-0.66304,0.1619,102.567
Cu-64,114,3,1,4,0.0,0.0,0.0,0.0,29064,12,0.08269,-0.04088,0.99574,549.816
Cu-64,114,4,1,4,0.0,0.0,0.0,0.0,29064,28064,0.2972,0.36303,-0.88311,0.004
Cu-64,115,2,1,4,0.0,0.0,0.0,0.0,29064,3,-0.67383,-0.3277,0.66225,247.384
Cu-64,115,3,1,4,0.0,0.0,0.0,0.0,29064,13,0.10284,-0.51297,0.85222,332.306
Cu-64,115,4,1,4,0.0,0.0,0.0,0.0,29064,30064,0.41911,0.43214,-0.7985,0.006
Cu-64,116,2,1,4,0.0,0.0,0.0,0.0,29064,3,0.15042,-0.63951,0.75392,52.494
Cu-64,116,3,1,4,0.0,0.0,0.0,0.0,29064,13,0.25667,0.03002,-0.96603,527.201
Cu-64,116,4,1,4,0.0,0.0,0.0,0.0,29064,30064,-0.43191,0.34357,0.83391,0.001
Cu-64,117,2,1,4,0.0,0.0,0.0,0.0,29064,3,0.18426,-0.69523,0.69477,4.742
Cu-64,117,3,1,4,0.0,0.0,0.0,0.0,29064,13,-0.69594,-0.50662,0.50892,574.951
Cu-64,117,4,1,4,0.0,0.0,0.0,0.0,29064,30064,0.62678,0.54992,-0.55202,0.003
Cu-64,118,2,1,4,0.0,0.0,0.0,0.0,29064,12,-0.59222,0.39731,0.70101,1666.059
Cu-64,118,3,1,4,0.0,0.0,0.0,0.0,29064,28064,0.59222,-0.39731,-0.70101,0.023
Cu-64,118,4,1,4,0.0,0.0,0.0,0.0,29064,3,0.02517,-0.75862,-0.65105,6.553
Cu-64,118,5,1,4,0.0,0.0,0.0,0.0,29064,3,0.85808,0.51201,-0.0394,0.727
Cu-64,118,6,1,4,0.0,0.0,0.0,0.0,29064,3,0.76408,0.01652,0.64491,1.026
Cu-64,119,2,1,4,0.0,0.0,0.0,0.0,29064,3,0.85261,-0.49724,0.16068,127.241
Cu-64,119,3,1,4,0.0,0.0,0.0,0.0,29064,13,-0.92036,0.17982,-0.34729,452.455
Cu-64,119,4,1,4,0.0,0.0,0.0,0.0,29064,30064,0.52929,0.63706,0.56036,0.0
Cu-64,120,2,1,4,0.0,0.0,0.0,0.0,29064,3,-0.44038,0.4157,-0.79578,22.897
Cu-64,120,3,1,4,0.0,0.0,0.0,0.0,29064,13,0.50981,0.32967,0.79462,556.797
Cu-64,120,4,1,4,0.0,0.0,0.0,0.0,29064,30064,-0.47083,-0.54092,-0.69694,0.002
Cu-64,121,2,1,4,0.0,0.0,0.0,0.0,29064,12,0.45047,0.29046,0.84422,1673.355
Cu-64,121,3,1,4,0.0,0.0,0.0,0.0,29064,28064,-0.45047,-0.29046,-0.84422,0.024
Cu-64,121,4,1,4,0.0,0.0,0.0,0.0,29064,3,-0.65954,-0.74367,-0.10943,0.125
Cu-64,121,5,1,4,0.0,0.0,0.0,0.0,29064,3,-0.13837,-0.58919,0.79606,0.71
Cu-64,121,6,1,4,0.0,0.0,0.0,0.0,29064,3,0.21502,-0.61269,-0.76051,0.171
Cu-64,122,2,1,4,0.0,0.0,0.0,0.0,29064,12,0.37942,0.46591,-0.79935,1673.476
Cu-64,122,3,1,4,0.0,0.0,0.0,0.0,29064,28064,-0.37942,-0.46591,0.79935,0.024
Cu-64,122,4,1,4,0.0,0.0,0.0,0.0,29064,3,0.1554,-0.62666,-0.76364,0.855
Cu-64,122,5,1,4,0.0,0.0,0.0,0.0,29064,3,-0.71424,0.55264,-0.42948,0.03
Cu-64,123,2,1,4,0.0,0.0,0.0,0.0,29064,3,0.65149,-0.39274,-0.64909,24.316
Cu-64,123,3,1,4,0.0,0.0,0.0,0.0,29064,13,-0.83092,0.01295,-0.55624,555.377
Cu-64,123,4,1,4,0.0,0.0,0.0,0.0,29064,30064,0.65168,0.10106,0.75173,0.003
Cu-64,124,2,1,4,0.0,0.0,0.0,0.0,29064,3,0.3214,-0.58345,-0.74585,318.142
Cu-64,124,3,1,4,0.0,0.0,0.0,0.0,29064,13,0.94122,0.32929,-0.07534,261.549
Cu-64,124,4,1,4,0.0,0.0,0.0,0.0,29064,30064,-0.61399,0.39697,0.68222,0.005
Cu-64,125,2,1,4,0.0,0.0,0.0,0.0,29064,3,-0.36746,0.92987,-0.01753,293.036
Cu-64,125,3,1,4,0.0,0.0,0.0,0.0,29064,13,-0.80523,0.59168,-0.03898,286.654
Cu-64,125,4,1,4,0.0,0.0,0.0,0.0,29064,30064,0.52338,-0.85173,0.02515,0.006
Cu-64,126,2,1,4,0.0,0.0,0.0,0.0,29064,2,-0.26429,0.93849,-0.22224,140.526
Cu-64,126,3,1,4,0.0,0.0,0.0,0.0,29064,12,-0.50744,-0.70414,0.49669,511.86
Cu-64,126,4,1,4,0.0,0.0,0.0,0.0,29064,28064,0.91142,-0.047,-0.40879,0.001
Cu-64,127,2,1,4,0.0,0.0,0.0,0.0,29064,3,0.57043,0.54033,0.61859,218.162
Cu-64,127,3,1,4,0.0,0.0,0.0,0.0,29064,13,0.48283,0.87451,-0.04601,361.529
Cu-64,127,4,1,4,0.0,0.0,0.0,0.0,29064,30064,-0.57495,-0.7286,-0.37225,0.006
Cu-64,128,2,1,4,0.0,0.0,0.0,0.0,29064,12,0.59042,-0.42486,0.68622,1666.059
Cu-64,128,3,1,4,0.0,0.0,0.0,0.0,29064,28064,-0.59042,0.42486,-0.68622,0.023
Cu-64,128,4,1,4,0.0,0.0,0.0,0.0,29064,1,-0.168,-0.12667,0.97761,7.436
Cu-64,128,5,1,4,0.0,0.0,0.0,0.0,29064,3,-0.67095,-0.41633,0.6136,0.838
Cu-64,128,6,1,4,0.0,0.0,0.0,0.0,29064,3,-0.94168,0.3245,0.0891,0.029
Cu-64,129,2,1,4,0.0,0.0,0.0,0.0,29064,12,-0.34906,0.90646,-0.23768,1666.059
Cu-64,129,3,1,4,0.0,0.0,0.0,0.0,29064,28064,0.34906,-0.90646,0.23768,0.023
Cu-64,129,4,1,4,0.0,0.0,0.0,0.0,29064,1,0.77382,-0.62385,0.10963,7.418
Cu-64,129,5,1,4,0.0,0.0,0.0,0.0,29064,3,0.7921,-0.58176,0.18473,0.79
Cu-64,129,6,1,4,0.0,0.0,0.0,0.0,29064,3,-0.98013,0.02641,-0.19658,0.095
Cu-64,130,2,1,4,0.0,0.0,0.0,0.0,29064,3,-0.98101,0.13631,-0.13801,214.948
Cu-64,130,3,1,4,0.0,0.0,0.0,0.0,29064,13,0.07173,-0.53502,-0.84179,364.744
Cu-64,130,4,1,4,0.0,0.0,0.0,0.0,29064,30064,0.76937,0.20026,0.6066,0.003
Cu-64,131,2,1,4,0.0,0.0,0.0,0.0,29064,3,-0.26739,0.34966,-0.89791,260.019
Cu-64,131,3,1,4,0.0,0.0,0.0,0.0,29064,13,-0.30638,0.94076,0.14527,319.673
Cu-64,131,4,1,4,0.0,0.0,0.0,0.0,29064,30064,0.34367,-0.68457,0.64284,0.005
Cu-64,132,2,1,4,0.0,0.0,0.0,0.0,29064,12,0.77623,0.59979,0.19424,1666.059
Cu-64,132,3,1,4,0.0,0.0,0.0,0.0,29064,28064,-0.77623,-0.59979,-0.19424,0.023
Cu-64,132,4,1,4,0.0,0.0,0.0,0.0,29064,1,0.17201,-0.01119,-0.98503,7.436
Cu-64,132,5,1,4,0.0,0.0,0.0,0.0,29064,3,-0.29087,-0.21078,0.93326,0.708
Cu-64,132,6,1,4,0.0,0.0,0.0,0.0,29064,3,0.75279,0.49228,-0.437,0.158
Cu-64,133,2,1,4,0.0,0.0,0.0,0.0,29064,12,-0.9353,-0.17128,-0.30966,1666.059
Cu-64,133,3,1,4,0.0,0.0,0.0,0.0,29064,28064,0.9353,0.17128,0.30966,0.023
